version,embedding_key,embedding_label,ratio,fold,predictor,rounded,scoring_convention,hyperparam_source,best_K,best_tau,item_r,item_r_ci_lower,item_r_ci_upper,item_mae,item_rmse,item_rounded_accuracy,item_rounded_mae,trait_r_O,trait_r_C,trait_r_E,trait_r_A,trait_r_N,trait_r_mean,profile_r,selected_S,selected_S_hash,selected_S_source,s_new_coverage,s_new_redundancy,s_old_fold_hash,s_old_coverage,s_old_redundancy,jaccard_vs_s_old,intersection_n,union_n,n_test_subjects
B1_fixed,bge_base_en_v15,BGE-base-en-v1.5,10,0,SoftmaxKNN,False,heldout_unselected_items_only_phase2_convention,phase2_fixed_preregistered_softmax,7,0.1,0.3194730153592912,0.30719733483727685,0.3317486958813055,1.020001815181817,1.2788932986356087,0.3236565656565657,0.9882020202020202,0.7381205550198647,0.5355236632699361,0.5701730630358651,0.4405986385050367,0.5524314260045343,0.5673694691670474,0.7201063818716016,"23,35,43,45,58,59,60,66,73,94",ec0db881349d9b77,coverage_selector_embedding_specific,0.8710806690581343,0.7816366087843026,92745849571d4031,0.8111275356842519,0.6411336607517674,0.25,4,16,550
B1_fixed,bge_base_en_v15,BGE-base-en-v1.5,10,1,SoftmaxKNN,False,heldout_unselected_items_only_phase2_convention,phase2_fixed_preregistered_softmax,7,0.1,0.31355216440513306,0.30111897034190993,0.3259853584683562,1.0201148142512169,1.2732716447766337,0.3151313131313131,0.9946262626262626,0.7169722807929991,0.5257495334706388,0.5487650683994505,0.45619054177619955,0.5495965040309472,0.5594547856940469,0.7270134301754485,"23,35,43,45,58,59,60,66,73,94",ec0db881349d9b77,coverage_selector_embedding_specific,0.8710806690581343,0.7816366087843026,92745849571d4031,0.8111275356842519,0.6411336607517674,0.25,4,16,550
B1_fixed,bge_base_en_v15,BGE-base-en-v1.5,10,2,SoftmaxKNN,False,heldout_unselected_items_only_phase2_convention,phase2_fixed_preregistered_softmax,7,0.1,0.31420483759469725,0.3014862512890181,0.3269234239003764,1.0138592569045588,1.261770003839144,0.3156161616161616,0.9842828282828283,0.7726269467884513,0.5839976111867561,0.5845637214395115,0.4536116890193767,0.5121166219067695,0.581383318068173,0.7317456215294241,"23,35,43,45,58,59,60,66,73,94",ec0db881349d9b77,coverage_selector_embedding_specific,0.8710806690581343,0.7816366087843026,92745849571d4031,0.8111275356842519,0.6411336607517674,0.25,4,16,550
B1_fixed,bge_base_en_v15,BGE-base-en-v1.5,10,3,SoftmaxKNN,False,heldout_unselected_items_only_phase2_convention,phase2_fixed_preregistered_softmax,7,0.1,0.3115973400727883,0.29864338627030407,0.3245512938752725,1.0139009726732162,1.268201674927656,0.3196363636363636,0.9853131313131314,0.7453837477275914,0.5635046819606603,0.5041376289521716,0.4998645840427893,0.5797306447699081,0.5785242574906242,0.7070958139821455,"23,35,43,45,58,59,60,66,73,94",ec0db881349d9b77,coverage_selector_embedding_specific,0.8710806690581343,0.7816366087843026,92745849571d4031,0.8111275356842519,0.6411336607517674,0.25,4,16,550
B1_fixed,bge_base_en_v15,BGE-base-en-v1.5,10,4,SoftmaxKNN,False,heldout_unselected_items_only_phase2_convention,phase2_fixed_preregistered_softmax,7,0.1,0.3246853700827522,0.31183516748213846,0.337535572683366,1.0147917273757843,1.267098720960108,0.31940902651285163,0.987350738716859,0.802854671532241,0.56587485853086,0.6332564675534631,0.40197740583068525,0.5314747700547479,0.5870876347003994,0.7360351523266203,"23,35,43,45,58,59,60,66,73,94",ec0db881349d9b77,coverage_selector_embedding_specific,0.8710806690581343,0.7816366087843026,92745849571d4031,0.8111275356842519,0.6411336607517674,0.25,4,16,549
B1_fixed,e5_base_v2,E5-base-v2,10,0,SoftmaxKNN,False,heldout_unselected_items_only_phase2_convention,phase2_fixed_preregistered_softmax,7,0.1,0.24343327999877787,0.23098288904146075,0.255883670956095,1.0684685879832478,1.292655424663612,0.2736161616161616,1.0468080808080809,0.6506096839845777,0.26819485327768927,0.2931788097882802,0.2781621207937602,0.7165728450711197,0.44134366258308544,0.6639553475485322,"0,16,23,31,34,43,59,66,73,82",ddb8a8dc4781b07a,coverage_selector_embedding_specific,0.9313861276492562,0.8880157529072026,92745849571d4031,0.8111275356842519,0.6411336607517674,0.17647058823529413,3,17,550
B1_fixed,e5_base_v2,E5-base-v2,10,1,SoftmaxKNN,False,heldout_unselected_items_only_phase2_convention,phase2_fixed_preregistered_softmax,7,0.1,0.24155393486633195,0.22812173516933823,0.2549861345633257,1.0657179104997943,1.2875288240733602,0.27424242424242423,1.043070707070707,0.6382458329793705,0.2406470523358793,0.2861440349267938,0.27499426079084555,0.7023310096757838,0.42847243814173464,0.6537620799710046,"0,16,23,31,34,43,59,66,73,82",ddb8a8dc4781b07a,coverage_selector_embedding_specific,0.9313861276492562,0.8880157529072026,92745849571d4031,0.8111275356842519,0.6411336607517674,0.17647058823529413,3,17,550
B1_fixed,e5_base_v2,E5-base-v2,10,2,SoftmaxKNN,False,heldout_unselected_items_only_phase2_convention,phase2_fixed_preregistered_softmax,7,0.1,0.2452401552804788,0.2325818305747787,0.2578984799861789,1.0541186542680956,1.2793229820293648,0.2781818181818182,1.034181818181818,0.6835784604145163,0.23502825911368744,0.31980144074888256,0.343149652425447,0.6973538811583962,0.4557823387721859,0.6853595342806896,"0,16,23,31,34,43,59,66,73,82",ddb8a8dc4781b07a,coverage_selector_embedding_specific,0.9313861276492562,0.8880157529072026,92745849571d4031,0.8111275356842519,0.6411336607517674,0.17647058823529413,3,17,550
B1_fixed,e5_base_v2,E5-base-v2,10,3,SoftmaxKNN,False,heldout_unselected_items_only_phase2_convention,phase2_fixed_preregistered_softmax,7,0.1,0.2389210782646817,0.2253257139395224,0.252516442589841,1.0570013113821572,1.2852260630377983,0.28036363636363637,1.0352323232323233,0.6654489735690684,0.2651344479516696,0.34816892307674213,0.3013379983980281,0.7014555882799866,0.456309186255099,0.660766286365692,"0,16,23,31,34,43,59,66,73,82",ddb8a8dc4781b07a,coverage_selector_embedding_specific,0.9313861276492562,0.8880157529072026,92745849571d4031,0.8111275356842519,0.6411336607517674,0.17647058823529413,3,17,550
B1_fixed,e5_base_v2,E5-base-v2,10,4,SoftmaxKNN,False,heldout_unselected_items_only_phase2_convention,phase2_fixed_preregistered_softmax,7,0.1,0.2588192891239136,0.24581124669877188,0.2718273315490553,1.0605728254641746,1.2828497591348715,0.2764824934223841,1.039324023477029,0.7084510121251778,0.2560218909497376,0.3239743648726728,0.23926695290919686,0.7007324683777861,0.4456893378469142,0.6880481405966965,"0,16,23,31,34,43,59,66,73,82",ddb8a8dc4781b07a,coverage_selector_embedding_specific,0.9313861276492562,0.8880157529072026,92745849571d4031,0.8111275356842519,0.6411336607517674,0.17647058823529413,3,17,549
B1_fixed,minilm_l6_v2,MiniLM-L6-v2,10,0,SoftmaxKNN,False,heldout_unselected_items_only_phase2_convention,phase2_fixed_preregistered_softmax,7,0.1,0.2985008550891511,0.28611610200100884,0.3108856081772933,1.0021279555044669,1.2687311799739451,0.32816161616161615,0.9813939393939394,0.6964104582960919,0.7820179950826852,0.7804487725500882,0.5496805803207048,0.48304447709398657,0.6583204566687113,0.7429696688450359,"11,18,23,28,43,65,73,78,94,97",6a6a2a502b884a35,coverage_selector_embedding_specific,0.7503406568520229,0.5935861805430829,92745849571d4031,0.8111275356842519,0.6411336607517674,0.1111111111111111,2,18,550
B1_fixed,minilm_l6_v2,MiniLM-L6-v2,10,1,SoftmaxKNN,False,heldout_unselected_items_only_phase2_convention,phase2_fixed_preregistered_softmax,7,0.1,0.2976345737741239,0.28511536789428105,0.31015377965396673,1.0031580368366209,1.266282559861676,0.32721212121212123,0.9802222222222222,0.6954268947384461,0.7572400158442258,0.7709167518832695,0.4534352274868367,0.5367117392360163,0.6427461258377589,0.7460858347764125,"11,18,23,28,43,65,73,78,94,97",6a6a2a502b884a35,coverage_selector_embedding_specific,0.7503406568520229,0.5935861805430829,92745849571d4031,0.8111275356842519,0.6411336607517674,0.1111111111111111,2,18,550
B1_fixed,minilm_l6_v2,MiniLM-L6-v2,10,2,SoftmaxKNN,False,heldout_unselected_items_only_phase2_convention,phase2_fixed_preregistered_softmax,7,0.1,0.2955714363679499,0.2829697389772769,0.30817313375862293,1.0035143685906365,1.2632704723539345,0.3223434343434343,0.9816767676767677,0.7293385393834986,0.7858660306426214,0.7546901266868314,0.5322421308422004,0.47139758474761034,0.6547068824605524,0.7624792612767678,"11,18,23,28,43,65,73,78,94,97",6a6a2a502b884a35,coverage_selector_embedding_specific,0.7503406568520229,0.5935861805430829,92745849571d4031,0.8111275356842519,0.6411336607517674,0.1111111111111111,2,18,550
B1_fixed,minilm_l6_v2,MiniLM-L6-v2,10,3,SoftmaxKNN,False,heldout_unselected_items_only_phase2_convention,phase2_fixed_preregistered_softmax,7,0.1,0.2957452139218224,0.2833182027178065,0.3081722251258383,1.0007888439329897,1.2616976540807494,0.32426262626262625,0.9794343434343434,0.6980561603999909,0.755995494399058,0.7712236702071125,0.5419866269585347,0.5726628484556013,0.6679849600840594,0.7330937574193137,"11,18,23,28,43,65,73,78,94,97",6a6a2a502b884a35,coverage_selector_embedding_specific,0.7503406568520229,0.5935861805430829,92745849571d4031,0.8111275356842519,0.6411336607517674,0.1111111111111111,2,18,550
B1_fixed,minilm_l6_v2,MiniLM-L6-v2,10,4,SoftmaxKNN,False,heldout_unselected_items_only_phase2_convention,phase2_fixed_preregistered_softmax,7,0.1,0.3049436481250322,0.29233621504573887,0.31755108120432557,1.00066033836898,1.260924393980502,0.32450920866221417,0.9801052418538757,0.7648672240910763,0.7676720837244829,0.7702897005717044,0.4882151998321481,0.526922868967953,0.6635934154374729,0.757502405614465,"11,18,23,28,43,65,73,78,94,97",6a6a2a502b884a35,coverage_selector_embedding_specific,0.7503406568520229,0.5935861805430829,92745849571d4031,0.8111275356842519,0.6411336607517674,0.1111111111111111,2,18,549
B1_fixed,mpnet_base_v2,MPNet-base-v2,10,0,SoftmaxKNN,False,heldout_unselected_items_only_phase2_convention,phase2_fixed_preregistered_softmax,7,0.1,0.344487222358326,0.33105464185179867,0.35791980286485336,0.9835062843384585,1.2783579519963606,0.3536161616161616,0.9628282828282828,0.800109521835764,0.6766188830207323,0.8304558961211413,0.5154424434787701,0.5865973717691666,0.681844823245115,0.7659965826308175,"11,23,30,43,65,66,72,73,82,94",fbaa37d42ee998f8,coverage_selector_embedding_specific,0.7617458986076234,0.6063249020843201,92745849571d4031,0.8111275356842519,0.6411336607517674,0.17647058823529413,3,17,550
B1_fixed,mpnet_base_v2,MPNet-base-v2,10,1,SoftmaxKNN,False,heldout_unselected_items_only_phase2_convention,phase2_fixed_preregistered_softmax,7,0.1,0.3444341198876242,0.33070535883704416,0.3581628809382042,0.9903654655820012,1.2813560956722032,0.35098989898989896,0.9689090909090909,0.7778925791495296,0.6420819571956747,0.7826468476740333,0.4594252706037328,0.620014386565804,0.6564122082377548,0.7501135576816151,"11,23,30,43,65,66,72,73,82,94",fbaa37d42ee998f8,coverage_selector_embedding_specific,0.7617458986076234,0.6063249020843201,92745849571d4031,0.8111275356842519,0.6411336607517674,0.17647058823529413,3,17,550
B1_fixed,mpnet_base_v2,MPNet-base-v2,10,2,SoftmaxKNN,False,heldout_unselected_items_only_phase2_convention,phase2_fixed_preregistered_softmax,7,0.1,0.35245168353151496,0.3403446904304295,0.36455867663260044,0.979830153349275,1.2670938603143889,0.3495353535353536,0.9591717171717171,0.821578887547476,0.7097372826428054,0.8110214036414,0.588584647087399,0.5372976407782676,0.6936439723394695,0.7887853853674464,"11,23,30,43,65,66,72,73,82,94",fbaa37d42ee998f8,coverage_selector_embedding_specific,0.7617458986076234,0.6063249020843201,92745849571d4031,0.8111275356842519,0.6411336607517674,0.17647058823529413,3,17,550
B1_fixed,mpnet_base_v2,MPNet-base-v2,10,3,SoftmaxKNN,False,heldout_unselected_items_only_phase2_convention,phase2_fixed_preregistered_softmax,7,0.1,0.3467812198204536,0.33372857341386736,0.3598338662270399,0.980728996316751,1.2703110886611038,0.35290909090909084,0.9569696969696969,0.7730501975911476,0.7109165771761069,0.8038709856282181,0.5538897147369529,0.5442005799895421,0.6771856110243936,0.7565776030595068,"11,23,30,43,65,66,72,73,82,94",fbaa37d42ee998f8,coverage_selector_embedding_specific,0.7617458986076234,0.6063249020843201,92745849571d4031,0.8111275356842519,0.6411336607517674,0.17647058823529413,3,17,550
B1_fixed,mpnet_base_v2,MPNet-base-v2,10,4,SoftmaxKNN,False,heldout_unselected_items_only_phase2_convention,phase2_fixed_preregistered_softmax,7,0.1,0.3652964394512305,0.3528959980196233,0.37769688088283776,0.9835424986115219,1.2720338866858312,0.34786480469540576,0.9636308439587128,0.8343430805697294,0.6814175528255745,0.8172367991682088,0.48129424976682317,0.5813686084984238,0.679132058165752,0.7962271500520425,"11,23,30,43,65,66,72,73,82,94",fbaa37d42ee998f8,coverage_selector_embedding_specific,0.7617458986076234,0.6063249020843201,92745849571d4031,0.8111275356842519,0.6411336607517674,0.17647058823529413,3,17,549
B1_fixed,sbert_original,SBERT (original),10,0,SoftmaxKNN,False,heldout_unselected_items_only_phase2_convention,phase2_fixed_preregistered_softmax,7,0.1,0.28383252443612633,0.2713987426321047,0.296266306240148,1.0144133907735675,1.290108838013407,0.32721212121212123,0.9975353535353535,0.6230823071634192,0.78963481193536,0.6058427390299304,0.6125850916639274,0.6808624893042868,0.6624014878193847,0.6932362748895876,"12,23,40,41,48,59,66,67,80,94",92745849571d4031,coverage_selector_embedding_specific,0.8111274868951677,0.6411336137882714,92745849571d4031,0.8111275356842519,0.6411336607517674,1.0,10,10,550
B1_fixed,sbert_original,SBERT (original),10,1,SoftmaxKNN,False,heldout_unselected_items_only_phase2_convention,phase2_fixed_preregistered_softmax,7,0.1,0.27091197230233965,0.258854901420625,0.2829690431840543,1.0334444680209294,1.3029223554010951,0.31616161616161614,1.016949494949495,0.6278585612624222,0.7404820161921207,0.46832906629109705,0.5126363630646628,0.6732618450164491,0.6045135703653504,0.6835710663951536,"12,23,40,41,48,59,66,67,80,94",92745849571d4031,coverage_selector_embedding_specific,0.8111274868951677,0.6411336137882714,92745849571d4031,0.8111275356842519,0.6411336607517674,1.0,10,10,550
B1_fixed,sbert_original,SBERT (original),10,2,SoftmaxKNN,False,heldout_unselected_items_only_phase2_convention,phase2_fixed_preregistered_softmax,7,0.1,0.2705442960060196,0.2580281335386782,0.283060458473361,1.0161079568966298,1.2866558136391049,0.3214949494949495,0.9997373737373737,0.693376767456919,0.8009586804102697,0.5443407733344184,0.5573538557658617,0.6729974513384125,0.6538055056611762,0.6951805366005959,"12,23,40,41,48,59,66,67,80,94",92745849571d4031,coverage_selector_embedding_specific,0.8111274868951677,0.6411336137882714,92745849571d4031,0.8111275356842519,0.6411336607517674,1.0,10,10,550
B1_fixed,sbert_original,SBERT (original),10,3,SoftmaxKNN,False,heldout_unselected_items_only_phase2_convention,phase2_fixed_preregistered_softmax,7,0.1,0.2726127721519623,0.2595436410832815,0.2856819032206431,1.0208392422567711,1.2935469753683018,0.3231111111111111,1.003070707070707,0.6385648558665591,0.7902402161585375,0.5264807513046246,0.5783870967708353,0.6823301292434761,0.6432006098688066,0.694272457135889,"12,23,40,41,48,59,66,67,80,94",92745849571d4031,coverage_selector_embedding_specific,0.8111274868951677,0.6411336137882714,92745849571d4031,0.8111275356842519,0.6411336607517674,1.0,10,10,550
B1_fixed,sbert_original,SBERT (original),10,4,SoftmaxKNN,False,heldout_unselected_items_only_phase2_convention,phase2_fixed_preregistered_softmax,7,0.1,0.2836989530944135,0.2707969660212844,0.2966009401675426,1.0190159274171056,1.285801812152126,0.32139243068204815,1.0003238210888483,0.7279666106606522,0.7829664261092396,0.5108869240034323,0.5488750665297604,0.6843623582457986,0.6510114771097765,0.6979005331276072,"12,23,40,41,48,59,66,67,80,94",92745849571d4031,coverage_selector_embedding_specific,0.8111274868951677,0.6411336137882714,92745849571d4031,0.8111275356842519,0.6411336607517674,1.0,10,10,549
B1_fixed,bge_base_en_v15,BGE-base-en-v1.5,30,0,SoftmaxKNN,False,heldout_unselected_items_only_phase2_convention,phase2_fixed_preregistered_softmax,7,0.1,0.4270109305341622,0.4137049312686711,0.44031692979965337,0.9196112782731852,1.1427610428900756,0.3386753246753247,0.8930649350649351,0.8762807291776576,0.8558034034000902,0.9272211224856619,0.8323182664373291,0.8729718145937876,0.8729190672189052,0.8898672814341814,"0,5,11,16,18,23,27,28,31,35,40,43,45,48,57,58,59,60,62,66,68,69,70,73,81,83,88,94,96,97",d4ab89ba5be2ea63,coverage_selector_embedding_specific,0.9148476662932079,0.7711159964257489,62099f7a34f67aa9,0.8829888945012074,0.6164002583578039,0.30434782608695654,14,46,550
B1_fixed,bge_base_en_v15,BGE-base-en-v1.5,30,1,SoftmaxKNN,False,heldout_unselected_items_only_phase2_convention,phase2_fixed_preregistered_softmax,7,0.1,0.41859728089012876,0.4051949084063421,0.43199965337391544,0.9202224012246075,1.1391722313326973,0.335038961038961,0.8927272727272727,0.8765449352097407,0.8434705159723949,0.9229469779181093,0.8333576499004078,0.8759525441923118,0.8704545246385929,0.8973412669201302,"0,5,11,16,18,23,27,28,31,35,40,43,45,48,57,58,59,60,62,66,68,69,70,73,81,83,88,94,96,97",d4ab89ba5be2ea63,coverage_selector_embedding_specific,0.9148476662932079,0.7711159964257489,62099f7a34f67aa9,0.8829888945012074,0.6164002583578039,0.30434782608695654,14,46,550
B1_fixed,bge_base_en_v15,BGE-base-en-v1.5,30,2,SoftmaxKNN,False,heldout_unselected_items_only_phase2_convention,phase2_fixed_preregistered_softmax,7,0.1,0.4237060259313425,0.41062262394948396,0.436789427913201,0.9135325439124129,1.131942877323212,0.33872727272727277,0.8863116883116883,0.9044619188359522,0.8564621270811348,0.9277467527394084,0.8314638971686131,0.8785449228885235,0.8797359237427264,0.9023175458457307,"0,5,11,16,18,23,27,28,31,35,40,43,45,48,57,58,59,60,62,66,68,69,70,73,81,83,88,94,96,97",d4ab89ba5be2ea63,coverage_selector_embedding_specific,0.9148476662932079,0.7711159964257489,62099f7a34f67aa9,0.8829888945012074,0.6164002583578039,0.30434782608695654,14,46,550
B1_fixed,bge_base_en_v15,BGE-base-en-v1.5,30,3,SoftmaxKNN,False,heldout_unselected_items_only_phase2_convention,phase2_fixed_preregistered_softmax,7,0.1,0.42199269521443267,0.40812733631679293,0.4358580541120724,0.9149806816152305,1.1335856466759195,0.33781818181818185,0.8860519480519481,0.8826791087401281,0.8509887959067693,0.9174130382574885,0.8578446163738366,0.8951745992715611,0.8808200317099567,0.8943544349846493,"0,5,11,16,18,23,27,28,31,35,40,43,45,48,57,58,59,60,62,66,68,69,70,73,81,83,88,94,96,97",d4ab89ba5be2ea63,coverage_selector_embedding_specific,0.9148476662932079,0.7711159964257489,62099f7a34f67aa9,0.8829888945012074,0.6164002583578039,0.30434782608695654,14,46,550
B1_fixed,bge_base_en_v15,BGE-base-en-v1.5,30,4,SoftmaxKNN,False,heldout_unselected_items_only_phase2_convention,phase2_fixed_preregistered_softmax,7,0.1,0.43353929841398153,0.4203546615870222,0.44672393524094084,0.9151027115367016,1.1318712711895709,0.33830340879521204,0.885376008326828,0.910353719167205,0.8435412043358329,0.9309539425941595,0.8028742904927302,0.8822272523375695,0.8739900817854995,0.909491664932146,"0,5,11,16,18,23,27,28,31,35,40,43,45,48,57,58,59,60,62,66,68,69,70,73,81,83,88,94,96,97",d4ab89ba5be2ea63,coverage_selector_embedding_specific,0.9148476662932079,0.7711159964257489,62099f7a34f67aa9,0.8829888945012074,0.6164002583578039,0.30434782608695654,14,46,549
B1_fixed,e5_base_v2,E5-base-v2,30,0,SoftmaxKNN,False,heldout_unselected_items_only_phase2_convention,phase2_fixed_preregistered_softmax,7,0.1,0.399118385472885,0.38625126860944387,0.4119855023363261,0.9536525204047929,1.1538288745218526,0.3014025974025974,0.9293246753246753,0.8254780795130697,0.7883637559867593,0.9538919096241549,0.6060018312551022,0.9264300899346696,0.8200331332627512,0.8923098238079528,"0,5,13,16,17,18,19,23,29,31,34,36,37,38,42,43,59,60,66,70,72,73,74,79,82,83,88,92,96,98",7ceffde4e4dcacff,coverage_selector_embedding_specific,0.9548893850322285,0.8809807451335154,62099f7a34f67aa9,0.8829888945012074,0.6164002583578039,0.22448979591836735,11,49,550
B1_fixed,e5_base_v2,E5-base-v2,30,1,SoftmaxKNN,False,heldout_unselected_items_only_phase2_convention,phase2_fixed_preregistered_softmax,7,0.1,0.3896040289271661,0.3762564283669921,0.40295162948734015,0.9613950735442766,1.1610116035752975,0.2972727272727273,0.937064935064935,0.8253307571655154,0.7451043607572589,0.9352129284613745,0.5342881579656055,0.9270794886705725,0.7934031386040654,0.8786414499943603,"0,5,13,16,17,18,19,23,29,31,34,36,37,38,42,43,59,60,66,70,72,73,74,79,82,83,88,92,96,98",7ceffde4e4dcacff,coverage_selector_embedding_specific,0.9548893850322285,0.8809807451335154,62099f7a34f67aa9,0.8829888945012074,0.6164002583578039,0.22448979591836735,11,49,550
B1_fixed,e5_base_v2,E5-base-v2,30,2,SoftmaxKNN,False,heldout_unselected_items_only_phase2_convention,phase2_fixed_preregistered_softmax,7,0.1,0.3922372858122403,0.37952603189256345,0.4049485397319172,0.9459059011877399,1.1462963798623476,0.3067012987012987,0.9196103896103897,0.8536222616077379,0.7580549882010759,0.9542077943148785,0.6091859921162468,0.9233176457904361,0.819677736406075,0.890209820005841,"0,5,13,16,17,18,19,23,29,31,34,36,37,38,42,43,59,60,66,70,72,73,74,79,82,83,88,92,96,98",7ceffde4e4dcacff,coverage_selector_embedding_specific,0.9548893850322285,0.8809807451335154,62099f7a34f67aa9,0.8829888945012074,0.6164002583578039,0.22448979591836735,11,49,550
B1_fixed,e5_base_v2,E5-base-v2,30,3,SoftmaxKNN,False,heldout_unselected_items_only_phase2_convention,phase2_fixed_preregistered_softmax,7,0.1,0.38747658231394605,0.3734338702316317,0.4015192943962604,0.9548745752761763,1.1560614534890252,0.3036103896103896,0.9268571428571428,0.8296991244142179,0.7546189754363203,0.947060286865919,0.6180124530387678,0.9323654042857568,0.8163512488081963,0.8843802042261253,"0,5,13,16,17,18,19,23,29,31,34,36,37,38,42,43,59,60,66,70,72,73,74,79,82,83,88,92,96,98",7ceffde4e4dcacff,coverage_selector_embedding_specific,0.9548893850322285,0.8809807451335154,62099f7a34f67aa9,0.8829888945012074,0.6164002583578039,0.22448979591836735,11,49,550
B1_fixed,e5_base_v2,E5-base-v2,30,4,SoftmaxKNN,False,heldout_unselected_items_only_phase2_convention,phase2_fixed_preregistered_softmax,7,0.1,0.408218414975548,0.3955627445928902,0.4208740853582058,0.9536317174541196,1.153781912400858,0.29997397866250325,0.9299245381212594,0.8652994620897199,0.7798903795520914,0.9449011545097326,0.5540038663629229,0.9252466283167071,0.8138682981662347,0.9004426913381589,"0,5,13,16,17,18,19,23,29,31,34,36,37,38,42,43,59,60,66,70,72,73,74,79,82,83,88,92,96,98",7ceffde4e4dcacff,coverage_selector_embedding_specific,0.9548893850322285,0.8809807451335154,62099f7a34f67aa9,0.8829888945012074,0.6164002583578039,0.22448979591836735,11,49,549
B1_fixed,minilm_l6_v2,MiniLM-L6-v2,30,0,SoftmaxKNN,False,heldout_unselected_items_only_phase2_convention,phase2_fixed_preregistered_softmax,7,0.1,0.4061184676116374,0.39379200049314894,0.41844493473012584,0.9216345650622696,1.1711289248346661,0.35218181818181815,0.8984935064935065,0.8517787998254494,0.9090302809898362,0.9284423044522877,0.7670385705018701,0.9156435519996277,0.8743867015538143,0.9014298765549016,"2,5,10,11,12,16,18,23,27,28,38,40,43,44,56,57,59,60,62,65,67,68,70,73,78,79,88,91,94,97",bad524b73607dd87,coverage_selector_embedding_specific,0.8364934175915859,0.6002675741078065,62099f7a34f67aa9,0.8829888945012074,0.6164002583578039,0.2,10,50,550
B1_fixed,minilm_l6_v2,MiniLM-L6-v2,30,1,SoftmaxKNN,False,heldout_unselected_items_only_phase2_convention,phase2_fixed_preregistered_softmax,7,0.1,0.40216058967026747,0.38952677612664266,0.41479440321389227,0.9261437893799465,1.1726485997013716,0.347012987012987,0.9027532467532468,0.8459983574857343,0.9113643916296557,0.9265977501497158,0.7179205909618587,0.9167089370647431,0.8637180054583414,0.9165906848848877,"2,5,10,11,12,16,18,23,27,28,38,40,43,44,56,57,59,60,62,65,67,68,70,73,78,79,88,91,94,97",bad524b73607dd87,coverage_selector_embedding_specific,0.8364934175915859,0.6002675741078065,62099f7a34f67aa9,0.8829888945012074,0.6164002583578039,0.2,10,50,550
B1_fixed,minilm_l6_v2,MiniLM-L6-v2,30,2,SoftmaxKNN,False,heldout_unselected_items_only_phase2_convention,phase2_fixed_preregistered_softmax,7,0.1,0.40468843799154663,0.3928256729177058,0.41655120306538745,0.9185857179115917,1.1650317236625651,0.34979220779220777,0.8950389610389611,0.8774999362455418,0.9195023039870589,0.9253699340149517,0.7530679736167748,0.9145888589983702,0.8780058013725395,0.9162630121230187,"2,5,10,11,12,16,18,23,27,28,38,40,43,44,56,57,59,60,62,65,67,68,70,73,78,79,88,91,94,97",bad524b73607dd87,coverage_selector_embedding_specific,0.8364934175915859,0.6002675741078065,62099f7a34f67aa9,0.8829888945012074,0.6164002583578039,0.2,10,50,550
B1_fixed,minilm_l6_v2,MiniLM-L6-v2,30,3,SoftmaxKNN,False,heldout_unselected_items_only_phase2_convention,phase2_fixed_preregistered_softmax,7,0.1,0.4030856624948734,0.3906658350067357,0.41550548998301107,0.920666351956071,1.1676507521181927,0.35044155844155844,0.8978181818181818,0.8610651072750393,0.9072215692804251,0.9224623427355507,0.778001473817872,0.9158489833374014,0.8769198952892576,0.9048836307285354,"2,5,10,11,12,16,18,23,27,28,38,40,43,44,56,57,59,60,62,65,67,68,70,73,78,79,88,91,94,97",bad524b73607dd87,coverage_selector_embedding_specific,0.8364934175915859,0.6002675741078065,62099f7a34f67aa9,0.8829888945012074,0.6164002583578039,0.2,10,50,550
B1_fixed,minilm_l6_v2,MiniLM-L6-v2,30,4,SoftmaxKNN,False,heldout_unselected_items_only_phase2_convention,phase2_fixed_preregistered_softmax,7,0.1,0.41732221549068227,0.4053716007057513,0.42927283027561325,0.9151661018632854,1.1620860893947353,0.35149622690606297,0.8923497267759563,0.8939087606213746,0.9044215409035424,0.9277122733385592,0.7384399460727382,0.9230997825346242,0.8775164606941678,0.9194326860633435,"2,5,10,11,12,16,18,23,27,28,38,40,43,44,56,57,59,60,62,65,67,68,70,73,78,79,88,91,94,97",bad524b73607dd87,coverage_selector_embedding_specific,0.8364934175915859,0.6002675741078065,62099f7a34f67aa9,0.8829888945012074,0.6164002583578039,0.2,10,50,549
B1_fixed,mpnet_base_v2,MPNet-base-v2,30,0,SoftmaxKNN,False,heldout_unselected_items_only_phase2_convention,phase2_fixed_preregistered_softmax,7,0.1,0.4275064746856705,0.41471172784331284,0.44030122152802814,0.9205079056766928,1.1986340574796375,0.3707532467532467,0.8985454545454545,0.8729441190681424,0.9364420088964336,0.9329220987737118,0.8582150055085316,0.8208183754723613,0.884268321543836,0.9101842532848939,"5,11,12,15,17,23,30,31,42,43,44,47,49,64,65,66,67,70,71,72,73,74,77,82,83,85,88,89,92,94",e516e4a7976f9b63,coverage_selector_embedding_specific,0.8436199980752908,0.5960513219837992,62099f7a34f67aa9,0.8829888945012074,0.6164002583578039,0.30434782608695654,14,46,550
B1_fixed,mpnet_base_v2,MPNet-base-v2,30,1,SoftmaxKNN,False,heldout_unselected_items_only_phase2_convention,phase2_fixed_preregistered_softmax,7,0.1,0.424546334921769,0.41137232042377825,0.4377203494197598,0.9253662884814193,1.1961140591270363,0.36335064935064937,0.9035584415584416,0.8754493439440514,0.9334342292383447,0.904640449726986,0.8418890818891097,0.8224084064224857,0.8755643022441955,0.9028226705394912,"5,11,12,15,17,23,30,31,42,43,44,47,49,64,65,66,67,70,71,72,73,74,77,82,83,85,88,89,92,94",e516e4a7976f9b63,coverage_selector_embedding_specific,0.8436199980752908,0.5960513219837992,62099f7a34f67aa9,0.8829888945012074,0.6164002583578039,0.30434782608695654,14,46,550
B1_fixed,mpnet_base_v2,MPNet-base-v2,30,2,SoftmaxKNN,False,heldout_unselected_items_only_phase2_convention,phase2_fixed_preregistered_softmax,7,0.1,0.4296190036061598,0.41762350165041934,0.44161450556190024,0.9137491809297061,1.1855792766861726,0.36838961038961043,0.8914545454545455,0.8887687409516429,0.9356674445473755,0.9233812538952334,0.8732969806438501,0.7862284045727348,0.8814685649221673,0.9110745254420188,"5,11,12,15,17,23,30,31,42,43,44,47,49,64,65,66,67,70,71,72,73,74,77,82,83,85,88,89,92,94",e516e4a7976f9b63,coverage_selector_embedding_specific,0.8436199980752908,0.5960513219837992,62099f7a34f67aa9,0.8829888945012074,0.6164002583578039,0.30434782608695654,14,46,550
B1_fixed,mpnet_base_v2,MPNet-base-v2,30,3,SoftmaxKNN,False,heldout_unselected_items_only_phase2_convention,phase2_fixed_preregistered_softmax,7,0.1,0.4197243568446995,0.4068040423676253,0.4326446713217737,0.9198800879743101,1.1938454245775558,0.3674025974025974,0.8985454545454545,0.8756989374120479,0.9385990355245766,0.9201203343805882,0.8793076579436713,0.7993333083287375,0.8826118547179241,0.9094286941366322,"5,11,12,15,17,23,30,31,42,43,44,47,49,64,65,66,67,70,71,72,73,74,77,82,83,85,88,89,92,94",e516e4a7976f9b63,coverage_selector_embedding_specific,0.8436199980752908,0.5960513219837992,62099f7a34f67aa9,0.8829888945012074,0.6164002583578039,0.30434782608695654,14,46,550
B1_fixed,mpnet_base_v2,MPNet-base-v2,30,4,SoftmaxKNN,False,heldout_unselected_items_only_phase2_convention,phase2_fixed_preregistered_softmax,7,0.1,0.4361029719488673,0.42356612351668305,0.4486398203810516,0.916799877196192,1.189585107427812,0.3672651574290919,0.8949258391881343,0.9055179727512158,0.9389844181885265,0.9245898359218702,0.848865958824186,0.824951972791571,0.8885820316954739,0.9224214892032235,"5,11,12,15,17,23,30,31,42,43,44,47,49,64,65,66,67,70,71,72,73,74,77,82,83,85,88,89,92,94",e516e4a7976f9b63,coverage_selector_embedding_specific,0.8436199980752908,0.5960513219837992,62099f7a34f67aa9,0.8829888945012074,0.6164002583578039,0.30434782608695654,14,46,549
B1_fixed,sbert_original,SBERT (original),30,0,SoftmaxKNN,False,heldout_unselected_items_only_phase2_convention,phase2_fixed_preregistered_softmax,7,0.1,0.3716336510298436,0.3599373427385564,0.3833299593211308,0.9427983687635645,1.2247752593400856,0.3681558441558441,0.9164155844155845,0.8778534842742814,0.9241041095365209,0.8481869787943942,0.7723812909214748,0.8846107245225838,0.861427317609851,0.8764783423637433,"4,7,8,12,20,23,25,28,29,35,36,40,41,42,43,45,47,48,49,50,59,66,67,73,77,80,83,86,88,94",1ce15da48f8052fb,coverage_selector_embedding_specific,0.8829888774252218,0.6177224169867237,62099f7a34f67aa9,0.8829888945012074,0.6164002583578039,0.9354838709677419,29,31,550
B1_fixed,sbert_original,SBERT (original),30,1,SoftmaxKNN,False,heldout_unselected_items_only_phase2_convention,phase2_fixed_preregistered_softmax,7,0.1,0.3614996571820729,0.3491476010275957,0.3738517133365501,0.9590812609677174,1.2332275649399935,0.3517662337662338,0.936,0.8636722226947116,0.9118012312136144,0.786267346063428,0.7678217760661759,0.8635235655353931,0.8386172283146646,0.8702439844606495,"4,7,8,12,20,23,25,28,29,35,36,40,41,42,43,45,47,48,49,50,59,66,67,73,77,80,83,86,88,94",1ce15da48f8052fb,coverage_selector_embedding_specific,0.8829888774252218,0.6177224169867237,62099f7a34f67aa9,0.8829888945012074,0.6164002583578039,0.9354838709677419,29,31,550
B1_fixed,sbert_original,SBERT (original),30,2,SoftmaxKNN,False,heldout_unselected_items_only_phase2_convention,phase2_fixed_preregistered_softmax,7,0.1,0.36123004660626584,0.34931853785248906,0.3731415553600426,0.9473413418877317,1.2192392161362164,0.3588571428571429,0.9224155844155845,0.9003479603785405,0.9349780091770618,0.8243740759577161,0.7682885138288691,0.876038060663458,0.8608053240011291,0.8821147378951413,"4,7,8,12,20,23,25,28,29,35,36,40,41,42,43,45,47,48,49,50,59,66,67,73,77,80,83,86,88,94",1ce15da48f8052fb,coverage_selector_embedding_specific,0.8829888774252218,0.6177224169867237,62099f7a34f67aa9,0.8829888945012074,0.6164002583578039,0.9354838709677419,29,31,550
B1_fixed,sbert_original,SBERT (original),30,3,SoftmaxKNN,False,heldout_unselected_items_only_phase2_convention,phase2_fixed_preregistered_softmax,7,0.1,0.36024267335643456,0.3474961706546602,0.3729891760582089,0.9484507809991928,1.22448847537956,0.36212987012987014,0.9235584415584416,0.8783285278550585,0.9235147565937075,0.8095121118264382,0.7956481088085701,0.8860398247558251,0.8586086659679198,0.8768733553141271,"4,7,8,12,20,23,25,28,29,35,36,40,41,42,43,45,47,48,49,50,59,66,67,73,77,80,83,86,88,94",1ce15da48f8052fb,coverage_selector_embedding_specific,0.8829888774252218,0.6177224169867237,62099f7a34f67aa9,0.8829888945012074,0.6164002583578039,0.9354838709677419,29,31,550
B1_fixed,sbert_original,SBERT (original),30,4,SoftmaxKNN,False,heldout_unselected_items_only_phase2_convention,phase2_fixed_preregistered_softmax,7,0.1,0.37641766482783007,0.364756753989777,0.3880785756658831,0.9465281844912299,1.2183289304555298,0.3587561800676555,0.9219880301847515,0.8957373097396344,0.9209626643593531,0.8242569173638923,0.7801640903804786,0.8822169642556277,0.8606675892197971,0.8950073359019454,"4,7,8,12,20,23,25,28,29,35,36,40,41,42,43,45,47,48,49,50,59,66,67,73,77,80,83,86,88,94",1ce15da48f8052fb,coverage_selector_embedding_specific,0.8829888774252218,0.6177224169867237,62099f7a34f67aa9,0.8829888945012074,0.6164002583578039,0.9354838709677419,29,31,549
B1_fixed,bge_base_en_v15,BGE-base-en-v1.5,50,0,SoftmaxKNN,False,heldout_unselected_items_only_phase2_convention,phase2_fixed_preregistered_softmax,10,0.1,0.46631985184921965,0.45130035026966003,0.48133935342877926,0.8994158741269958,1.10699611353955,0.3384727272727273,0.8704727272727273,0.9527547422822442,0.9626105247552514,0.9586622166489063,0.9344869934580413,0.9214385495362042,0.9459906053361294,0.9249984760669195,"0,1,5,6,7,9,11,12,16,18,20,21,23,27,28,31,35,37,38,39,40,43,44,45,48,51,57,58,59,60,62,66,68,69,70,71,72,73,74,77,79,81,83,84,88,90,93,94,96,97",6eea9f717fd92763,coverage_selector_embedding_specific,0.9450588622917055,0.7713493584730263,d172a87b5a6e4875,0.930037828572538,0.6265620656816998,0.5151515151515151,34,66,550
B1_fixed,bge_base_en_v15,BGE-base-en-v1.5,50,1,SoftmaxKNN,False,heldout_unselected_items_only_phase2_convention,phase2_fixed_preregistered_softmax,10,0.1,0.46279429353392454,0.4478448568959501,0.477743730171899,0.9007381649649463,1.1073109025357342,0.33643636363636364,0.8716363636363637,0.951325875090726,0.9565875503285882,0.9544138520594665,0.929289382082468,0.9244205592318808,0.9432074437586259,0.9318471691272722,"0,1,5,6,7,9,11,12,16,18,20,21,23,27,28,31,35,37,38,39,40,43,44,45,48,51,57,58,59,60,62,66,68,69,70,71,72,73,74,77,79,81,83,84,88,90,93,94,96,97",6eea9f717fd92763,coverage_selector_embedding_specific,0.9450588622917055,0.7713493584730263,d172a87b5a6e4875,0.930037828572538,0.6265620656816998,0.5151515151515151,34,66,550
B1_fixed,bge_base_en_v15,BGE-base-en-v1.5,50,2,SoftmaxKNN,False,heldout_unselected_items_only_phase2_convention,phase2_fixed_preregistered_softmax,10,0.1,0.468038443491535,0.4536268564323939,0.4824500305506761,0.8889366098310486,1.0922600075837903,0.33941818181818184,0.8623272727272727,0.9640960215724632,0.9595775891305874,0.9595609018123546,0.9312078614195305,0.9271360315389262,0.9483156810947724,0.9341283299767482,"0,1,5,6,7,9,11,12,16,18,20,21,23,27,28,31,35,37,38,39,40,43,44,45,48,51,57,58,59,60,62,66,68,69,70,71,72,73,74,77,79,81,83,84,88,90,93,94,96,97",6eea9f717fd92763,coverage_selector_embedding_specific,0.9450588622917055,0.7713493584730263,d172a87b5a6e4875,0.930037828572538,0.6265620656816998,0.5151515151515151,34,66,550
B1_fixed,bge_base_en_v15,BGE-base-en-v1.5,50,3,SoftmaxKNN,False,heldout_unselected_items_only_phase2_convention,phase2_fixed_preregistered_softmax,10,0.1,0.4557988418467283,0.4401367295649412,0.4714609541285154,0.8972219325243488,1.1016511388254366,0.3366909090909091,0.8677818181818182,0.9544040098996974,0.9589214333728916,0.9541009541622425,0.9337069747961315,0.9322435732002592,0.9466753890862446,0.9235931564174228,"0,1,5,6,7,9,11,12,16,18,20,21,23,27,28,31,35,37,38,39,40,43,44,45,48,51,57,58,59,60,62,66,68,69,70,71,72,73,74,77,79,81,83,84,88,90,93,94,96,97",6eea9f717fd92763,coverage_selector_embedding_specific,0.9450588622917055,0.7713493584730263,d172a87b5a6e4875,0.930037828572538,0.6265620656816998,0.5151515151515151,34,66,550
B1_fixed,bge_base_en_v15,BGE-base-en-v1.5,50,4,SoftmaxKNN,False,heldout_unselected_items_only_phase2_convention,phase2_fixed_preregistered_softmax,10,0.1,0.47565165317658126,0.46086190396250704,0.4904414023906555,0.8917754780384091,1.095312056523566,0.3358834244080146,0.8654644808743169,0.9612482653568087,0.9579382272192005,0.9595223710448341,0.9207639288999258,0.9246976594441136,0.9448340903929765,0.9377272837101148,"0,1,5,6,7,9,11,12,16,18,20,21,23,27,28,31,35,37,38,39,40,43,44,45,48,51,57,58,59,60,62,66,68,69,70,71,72,73,74,77,79,81,83,84,88,90,93,94,96,97",6eea9f717fd92763,coverage_selector_embedding_specific,0.9450588622917055,0.7713493584730263,d172a87b5a6e4875,0.930037828572538,0.6265620656816998,0.5151515151515151,34,66,549
B1_fixed,e5_base_v2,E5-base-v2,50,0,SoftmaxKNN,False,heldout_unselected_items_only_phase2_convention,phase2_fixed_preregistered_softmax,10,0.1,0.46114866287989387,0.44623487069197654,0.4760624550678112,0.9343693574163432,1.124516770382047,0.30269090909090907,0.9100363636363636,0.909543484253304,0.982403578180371,0.9722315391009401,0.8325774370890386,0.9362384576064836,0.9265988992460276,0.939528956011665,"0,4,5,7,8,13,14,16,17,18,19,20,21,23,27,29,31,34,36,37,38,42,43,44,47,57,58,59,60,62,66,70,71,72,73,74,77,79,82,83,87,88,89,90,92,93,95,96,97,98",5ae9976a061dca51,coverage_selector_embedding_specific,0.9715854519610145,0.8792839558638342,d172a87b5a6e4875,0.930037828572538,0.6265620656816998,0.4492753623188406,31,69,550
B1_fixed,e5_base_v2,E5-base-v2,50,1,SoftmaxKNN,False,heldout_unselected_items_only_phase2_convention,phase2_fixed_preregistered_softmax,10,0.1,0.45768217527637395,0.4422431034075709,0.473121247145177,0.943841794397333,1.1356024252595365,0.2996,0.9174909090909091,0.896562517091364,0.9799688787827027,0.9610713145499769,0.7999746372899685,0.9357691444633557,0.9146692984354736,0.9412140065028015,"0,4,5,7,8,13,14,16,17,18,19,20,21,23,27,29,31,34,36,37,38,42,43,44,47,57,58,59,60,62,66,70,71,72,73,74,77,79,82,83,87,88,89,90,92,93,95,96,97,98",5ae9976a061dca51,coverage_selector_embedding_specific,0.9715854519610145,0.8792839558638342,d172a87b5a6e4875,0.930037828572538,0.6265620656816998,0.4492753623188406,31,69,550
B1_fixed,e5_base_v2,E5-base-v2,50,2,SoftmaxKNN,False,heldout_unselected_items_only_phase2_convention,phase2_fixed_preregistered_softmax,10,0.1,0.45828399833260597,0.44410105008936773,0.4724669465758442,0.9280884257615056,1.1189796437568078,0.30509090909090913,0.9037090909090909,0.9124718275123703,0.9797300736957907,0.9715576524777257,0.8342858776682729,0.9354152497998288,0.9266921362307977,0.9440350846898987,"0,4,5,7,8,13,14,16,17,18,19,20,21,23,27,29,31,34,36,37,38,42,43,44,47,57,58,59,60,62,66,70,71,72,73,74,77,79,82,83,87,88,89,90,92,93,95,96,97,98",5ae9976a061dca51,coverage_selector_embedding_specific,0.9715854519610145,0.8792839558638342,d172a87b5a6e4875,0.930037828572538,0.6265620656816998,0.4492753623188406,31,69,550
B1_fixed,e5_base_v2,E5-base-v2,50,3,SoftmaxKNN,False,heldout_unselected_items_only_phase2_convention,phase2_fixed_preregistered_softmax,10,0.1,0.4464024052243759,0.4306308001911581,0.4621740102575937,0.9327076933881489,1.1256024289458404,0.3072,0.9067272727272727,0.9054242647476316,0.9800774352282651,0.9664375388820936,0.8367934553667657,0.9388790291846952,0.9255223446818903,0.9375056319656517,"0,4,5,7,8,13,14,16,17,18,19,20,21,23,27,29,31,34,36,37,38,42,43,44,47,57,58,59,60,62,66,70,71,72,73,74,77,79,82,83,87,88,89,90,92,93,95,96,97,98",5ae9976a061dca51,coverage_selector_embedding_specific,0.9715854519610145,0.8792839558638342,d172a87b5a6e4875,0.930037828572538,0.6265620656816998,0.4492753623188406,31,69,550
B1_fixed,e5_base_v2,E5-base-v2,50,4,SoftmaxKNN,False,heldout_unselected_items_only_phase2_convention,phase2_fixed_preregistered_softmax,10,0.1,0.47293932656956905,0.45875644117791237,0.48712221196122574,0.9292710433902852,1.1189780559648232,0.3038251366120218,0.9052823315118397,0.9257595303639427,0.9803735325933501,0.9651882272542082,0.8231233601152962,0.9331002888311437,0.9255089878315882,0.9487477819948953,"0,4,5,7,8,13,14,16,17,18,19,20,21,23,27,29,31,34,36,37,38,42,43,44,47,57,58,59,60,62,66,70,71,72,73,74,77,79,82,83,87,88,89,90,92,93,95,96,97,98",5ae9976a061dca51,coverage_selector_embedding_specific,0.9715854519610145,0.8792839558638342,d172a87b5a6e4875,0.930037828572538,0.6265620656816998,0.4492753623188406,31,69,549
B1_fixed,minilm_l6_v2,MiniLM-L6-v2,50,0,SoftmaxKNN,False,heldout_unselected_items_only_phase2_convention,phase2_fixed_preregistered_softmax,10,0.1,0.45073564912714537,0.43709241990838416,0.4643788783459066,0.8871533675081169,1.132823159985643,0.3689454545454545,0.8621090909090909,0.9415893854442233,0.9688709275468712,0.9554361735936641,0.895609359165844,0.94865973948348,0.9420331170468165,0.9441621025621665,"0,1,2,5,6,7,10,11,12,14,15,16,18,19,20,22,23,27,28,38,40,43,44,51,52,56,57,59,60,62,65,66,67,68,70,71,73,74,77,78,79,81,83,88,89,91,93,94,97,98",61a3f94b6fb57ce0,coverage_selector_embedding_specific,0.8968412566750569,0.5915875000439267,d172a87b5a6e4875,0.930037828572538,0.6265620656816998,0.3333333333333333,25,75,550
B1_fixed,minilm_l6_v2,MiniLM-L6-v2,50,1,SoftmaxKNN,False,heldout_unselected_items_only_phase2_convention,phase2_fixed_preregistered_softmax,10,0.1,0.4502553160857627,0.4365634391020931,0.4639471930694323,0.8901827161237061,1.1324962863118502,0.3637090909090908,0.8661090909090909,0.9482233013516933,0.9656877009298392,0.9545300586947018,0.8696962542757484,0.9493075973568281,0.9374889825217622,0.9499090010219213,"0,1,2,5,6,7,10,11,12,14,15,16,18,19,20,22,23,27,28,38,40,43,44,51,52,56,57,59,60,62,65,66,67,68,70,71,73,74,77,78,79,81,83,88,89,91,93,94,97,98",61a3f94b6fb57ce0,coverage_selector_embedding_specific,0.8968412566750569,0.5915875000439267,d172a87b5a6e4875,0.930037828572538,0.6265620656816998,0.3333333333333333,25,75,550
B1_fixed,minilm_l6_v2,MiniLM-L6-v2,50,2,SoftmaxKNN,False,heldout_unselected_items_only_phase2_convention,phase2_fixed_preregistered_softmax,10,0.1,0.45256279033025953,0.4395578491429901,0.46556773151752895,0.8798134948468302,1.1211001472625912,0.3680363636363636,0.8526545454545454,0.9588401105432883,0.9676537788091705,0.9521042041116629,0.8847456557920396,0.9488748175859664,0.9424437133684254,0.947624070285444,"0,1,2,5,6,7,10,11,12,14,15,16,18,19,20,22,23,27,28,38,40,43,44,51,52,56,57,59,60,62,65,66,67,68,70,71,73,74,77,78,79,81,83,88,89,91,93,94,97,98",61a3f94b6fb57ce0,coverage_selector_embedding_specific,0.8968412566750569,0.5915875000439267,d172a87b5a6e4875,0.930037828572538,0.6265620656816998,0.3333333333333333,25,75,550
B1_fixed,minilm_l6_v2,MiniLM-L6-v2,50,3,SoftmaxKNN,False,heldout_unselected_items_only_phase2_convention,phase2_fixed_preregistered_softmax,10,0.1,0.44815346980011916,0.4343366373992695,0.46197030220096885,0.884908148511495,1.1280178181361684,0.36618181818181816,0.8615636363636363,0.9465110349985324,0.9656582602059323,0.948004206442459,0.9011951063256682,0.9527384251273244,0.9428214066199831,0.9421895395566455,"0,1,2,5,6,7,10,11,12,14,15,16,18,19,20,22,23,27,28,38,40,43,44,51,52,56,57,59,60,62,65,66,67,68,70,71,73,74,77,78,79,81,83,88,89,91,93,94,97,98",61a3f94b6fb57ce0,coverage_selector_embedding_specific,0.8968412566750569,0.5915875000439267,d172a87b5a6e4875,0.930037828572538,0.6265620656816998,0.3333333333333333,25,75,550
B1_fixed,minilm_l6_v2,MiniLM-L6-v2,50,4,SoftmaxKNN,False,heldout_unselected_items_only_phase2_convention,phase2_fixed_preregistered_softmax,10,0.1,0.46237177992986733,0.449413951295583,0.4753296085641517,0.8783980372526705,1.1217567519163698,0.37191256830601094,0.8507832422586521,0.955939952257199,0.9637639626941131,0.9550615686077893,0.8893472764496119,0.954011103481638,0.9436247726980703,0.9543543677613151,"0,1,2,5,6,7,10,11,12,14,15,16,18,19,20,22,23,27,28,38,40,43,44,51,52,56,57,59,60,62,65,66,67,68,70,71,73,74,77,78,79,81,83,88,89,91,93,94,97,98",61a3f94b6fb57ce0,coverage_selector_embedding_specific,0.8968412566750569,0.5915875000439267,d172a87b5a6e4875,0.930037828572538,0.6265620656816998,0.3333333333333333,25,75,549
B1_fixed,mpnet_base_v2,MPNet-base-v2,50,0,SoftmaxKNN,False,heldout_unselected_items_only_phase2_convention,phase2_fixed_preregistered_softmax,10,0.1,0.47611038080977874,0.4627431215765556,0.48947764004300187,0.886554173229634,1.1530018585925408,0.3851636363636363,0.8635272727272727,0.8979082746845092,0.9818538114807378,0.9662710603392299,0.9451251181845943,0.905836367901636,0.9393989265181414,0.9557793802528533,"4,5,7,8,11,12,14,15,17,19,20,22,23,25,27,29,30,31,32,38,42,43,44,47,49,51,55,58,60,61,64,65,66,67,69,70,71,72,73,74,77,79,82,83,85,88,89,92,94,97",45bb1bb1246fbfc6,coverage_selector_embedding_specific,0.9029412441915747,0.5916511048942492,d172a87b5a6e4875,0.930037828572538,0.6265620656816998,0.4084507042253521,29,71,550
B1_fixed,mpnet_base_v2,MPNet-base-v2,50,1,SoftmaxKNN,False,heldout_unselected_items_only_phase2_convention,phase2_fixed_preregistered_softmax,10,0.1,0.469064780961543,0.45526854903783803,0.482861012885248,0.8994191550911945,1.1594293759042722,0.3705818181818182,0.8783636363636363,0.894942045627641,0.9787164922743594,0.9521597100921771,0.935006661965525,0.908587638888112,0.9338825097695629,0.9507051033783039,"4,5,7,8,11,12,14,15,17,19,20,22,23,25,27,29,30,31,32,38,42,43,44,47,49,51,55,58,60,61,64,65,66,67,69,70,71,72,73,74,77,79,82,83,85,88,89,92,94,97",45bb1bb1246fbfc6,coverage_selector_embedding_specific,0.9029412441915747,0.5916511048942492,d172a87b5a6e4875,0.930037828572538,0.6265620656816998,0.4084507042253521,29,71,550
B1_fixed,mpnet_base_v2,MPNet-base-v2,50,2,SoftmaxKNN,False,heldout_unselected_items_only_phase2_convention,phase2_fixed_preregistered_softmax,10,0.1,0.4753728477805922,0.4625922256658755,0.4881534698953089,0.8849438313795961,1.1451179152400013,0.37785454545454544,0.8656363636363636,0.9141991679320819,0.9805230198357213,0.9605662118446233,0.9470241820301397,0.8952009793326471,0.9395027121950428,0.952853555638246,"4,5,7,8,11,12,14,15,17,19,20,22,23,25,27,29,30,31,32,38,42,43,44,47,49,51,55,58,60,61,64,65,66,67,69,70,71,72,73,74,77,79,82,83,85,88,89,92,94,97",45bb1bb1246fbfc6,coverage_selector_embedding_specific,0.9029412441915747,0.5916511048942492,d172a87b5a6e4875,0.930037828572538,0.6265620656816998,0.4084507042253521,29,71,550
B1_fixed,mpnet_base_v2,MPNet-base-v2,50,3,SoftmaxKNN,False,heldout_unselected_items_only_phase2_convention,phase2_fixed_preregistered_softmax,10,0.1,0.4661448883562735,0.4524652479067875,0.4798245288057595,0.8903128076409276,1.1558398457368682,0.3812,0.8697818181818182,0.9019944219997024,0.9819470655643959,0.9578281016767985,0.9499063692154867,0.890312667397538,0.9363977251707842,0.9546222243094553,"4,5,7,8,11,12,14,15,17,19,20,22,23,25,27,29,30,31,32,38,42,43,44,47,49,51,55,58,60,61,64,65,66,67,69,70,71,72,73,74,77,79,82,83,85,88,89,92,94,97",45bb1bb1246fbfc6,coverage_selector_embedding_specific,0.9029412441915747,0.5916511048942492,d172a87b5a6e4875,0.930037828572538,0.6265620656816998,0.4084507042253521,29,71,550
B1_fixed,mpnet_base_v2,MPNet-base-v2,50,4,SoftmaxKNN,False,heldout_unselected_items_only_phase2_convention,phase2_fixed_preregistered_softmax,10,0.1,0.48295687233043116,0.4693381926049677,0.49657555205589465,0.8850671737444241,1.146546479624307,0.3798542805100182,0.8632786885245901,0.9215486800914593,0.9796027767323535,0.9627150264274726,0.9429915660138388,0.9042880516597936,0.9422292201849837,0.9593708759563331,"4,5,7,8,11,12,14,15,17,19,20,22,23,25,27,29,30,31,32,38,42,43,44,47,49,51,55,58,60,61,64,65,66,67,69,70,71,72,73,74,77,79,82,83,85,88,89,92,94,97",45bb1bb1246fbfc6,coverage_selector_embedding_specific,0.9029412441915747,0.5916511048942492,d172a87b5a6e4875,0.930037828572538,0.6265620656816998,0.4084507042253521,29,71,549
B1_fixed,sbert_original,SBERT (original),50,0,SoftmaxKNN,False,heldout_unselected_items_only_phase2_convention,phase2_fixed_preregistered_softmax,10,0.1,0.4359404674706369,0.4226157370843181,0.44926519785695573,0.8827604590738144,1.1411201066888417,0.38283636363636364,0.8577454545454546,0.931962246622586,0.9460834146397735,0.967791042629631,0.9112356167388634,0.9506290296833391,0.9415402700628386,0.9416891601637366,"0,4,5,7,8,9,12,13,20,21,22,23,25,27,28,29,31,35,36,40,41,42,43,44,45,47,48,49,50,51,52,58,59,62,66,67,69,71,73,77,79,80,83,86,88,90,93,94,96,98",6e6167ebfe199350,coverage_selector_embedding_specific,0.9300378527369638,0.6262648127738439,d172a87b5a6e4875,0.930037828572538,0.6265620656816998,0.9230769230769231,48,52,550
B1_fixed,sbert_original,SBERT (original),50,1,SoftmaxKNN,False,heldout_unselected_items_only_phase2_convention,phase2_fixed_preregistered_softmax,10,0.1,0.4262819046587578,0.4126360004242405,0.43992780889327515,0.8978278029757318,1.1506393005527997,0.36825454545454545,0.8756363636363637,0.9160396326578162,0.937993586006545,0.9608954471035286,0.9161730887396481,0.93923533438701,0.9340674177789096,0.9429058612295361,"0,4,5,7,8,9,12,13,20,21,22,23,25,27,28,29,31,35,36,40,41,42,43,44,45,47,48,49,50,51,52,58,59,62,66,67,69,71,73,77,79,80,83,86,88,90,93,94,96,98",6e6167ebfe199350,coverage_selector_embedding_specific,0.9300378527369638,0.6262648127738439,d172a87b5a6e4875,0.930037828572538,0.6265620656816998,0.9230769230769231,48,52,550
B1_fixed,sbert_original,SBERT (original),50,2,SoftmaxKNN,False,heldout_unselected_items_only_phase2_convention,phase2_fixed_preregistered_softmax,10,0.1,0.42724241095661614,0.4141787653874242,0.44030605652580806,0.8871831563018889,1.1381089621541474,0.3738181818181818,0.8650545454545454,0.9418393089266318,0.9536684857096538,0.9615080542428484,0.9181560231089344,0.948742245860375,0.9447828235696887,0.9487527144850173,"0,4,5,7,8,9,12,13,20,21,22,23,25,27,28,29,31,35,36,40,41,42,43,44,45,47,48,49,50,51,52,58,59,62,66,67,69,71,73,77,79,80,83,86,88,90,93,94,96,98",6e6167ebfe199350,coverage_selector_embedding_specific,0.9300378527369638,0.6262648127738439,d172a87b5a6e4875,0.930037828572538,0.6265620656816998,0.9230769230769231,48,52,550
B1_fixed,sbert_original,SBERT (original),50,3,SoftmaxKNN,False,heldout_unselected_items_only_phase2_convention,phase2_fixed_preregistered_softmax,10,0.1,0.42923292652419326,0.4154104090902067,0.4430554439581798,0.8824599851935768,1.1362011265088292,0.38112727272727276,0.8564363636363637,0.9290522273979256,0.9440140468646353,0.9567215627975696,0.9285550758808485,0.9490770395478354,0.9414839904977628,0.9450960150830237,"0,4,5,7,8,9,12,13,20,21,22,23,25,27,28,29,31,35,36,40,41,42,43,44,45,47,48,49,50,51,52,58,59,62,66,67,69,71,73,77,79,80,83,86,88,90,93,94,96,98",6e6167ebfe199350,coverage_selector_embedding_specific,0.9300378527369638,0.6262648127738439,d172a87b5a6e4875,0.930037828572538,0.6265620656816998,0.9230769230769231,48,52,550
B1_fixed,sbert_original,SBERT (original),50,4,SoftmaxKNN,False,heldout_unselected_items_only_phase2_convention,phase2_fixed_preregistered_softmax,10,0.1,0.4392384556771861,0.4262822017154987,0.45219470963887354,0.8876478502703886,1.1397630905894942,0.373879781420765,0.8645173041894353,0.9427753802469745,0.9440958168261168,0.9645180553747583,0.9193095684753603,0.946509744582901,0.9434417131012222,0.9534463927790691,"0,4,5,7,8,9,12,13,20,21,22,23,25,27,28,29,31,35,36,40,41,42,43,44,45,47,48,49,50,51,52,58,59,62,66,67,69,71,73,77,79,80,83,86,88,90,93,94,96,98",6e6167ebfe199350,coverage_selector_embedding_specific,0.9300378527369638,0.6262648127738439,d172a87b5a6e4875,0.930037828572538,0.6265620656816998,0.9230769230769231,48,52,549
B1_fixed,bge_base_en_v15,BGE-base-en-v1.5,90,0,SoftmaxKNN,False,heldout_unselected_items_only_phase2_convention,phase2_fixed_preregistered_softmax,3,0.03,0.5423653576548892,0.5145459742994686,0.5701847410103099,0.7146258847502642,1.0509090473780898,0.5032727272727272,0.72,0.9773083993231796,0.9952280284016032,0.9979358224982049,1.0,0.9916284554265885,0.9924201411299153,0.9930765225056808,"0,1,2,3,4,5,6,7,8,9,10,11,12,13,14,15,16,17,18,19,20,21,22,23,24,25,26,27,28,29,30,31,32,35,37,38,39,40,41,42,43,44,45,47,48,49,51,52,55,56,57,58,59,60,61,62,63,64,65,66,67,68,69,70,71,72,73,74,75,77,78,79,81,83,84,85,86,87,88,89,90,91,92,93,94,95,96,97,98,99",d1c9629104d4613e,coverage_selector_embedding_specific,0.9928619934664096,0.7775689665349799,e4aca0f6b9e84075,0.9945457838532562,0.628319119336572,0.8947368421052632,85,95,550
B1_fixed,bge_base_en_v15,BGE-base-en-v1.5,90,1,SoftmaxKNN,False,heldout_unselected_items_only_phase2_convention,phase2_fixed_preregistered_softmax,3,0.03,0.5321991469943574,0.5054233587284405,0.5589749352602744,0.7316798622362798,1.0713274589820532,0.49527272727272725,0.7361818181818182,0.976438779569758,0.9949713095452558,0.9974408730025611,1.0,0.9922273685903833,0.9922156661415915,0.9937635551821213,"0,1,2,3,4,5,6,7,8,9,10,11,12,13,14,15,16,17,18,19,20,21,22,23,24,25,26,27,28,29,30,31,32,35,37,38,39,40,41,42,43,44,45,47,48,49,51,52,55,56,57,58,59,60,61,62,63,64,65,66,67,68,69,70,71,72,73,74,75,77,78,79,81,83,84,85,86,87,88,89,90,91,92,93,94,95,96,97,98,99",d1c9629104d4613e,coverage_selector_embedding_specific,0.9928619934664096,0.7775689665349799,e4aca0f6b9e84075,0.9945457838532562,0.628319119336572,0.8947368421052632,85,95,550
B1_fixed,bge_base_en_v15,BGE-base-en-v1.5,90,2,SoftmaxKNN,False,heldout_unselected_items_only_phase2_convention,phase2_fixed_preregistered_softmax,3,0.03,0.5549819249617551,0.5291582310801121,0.5808056188433982,0.7080493439147664,1.0350327505346655,0.5027272727272727,0.7105454545454546,0.9828507488119147,0.9951316809426003,0.9977765276278767,0.9999999999999999,0.9912098028824088,0.9933937520529602,0.9930762882138467,"0,1,2,3,4,5,6,7,8,9,10,11,12,13,14,15,16,17,18,19,20,21,22,23,24,25,26,27,28,29,30,31,32,35,37,38,39,40,41,42,43,44,45,47,48,49,51,52,55,56,57,58,59,60,61,62,63,64,65,66,67,68,69,70,71,72,73,74,75,77,78,79,81,83,84,85,86,87,88,89,90,91,92,93,94,95,96,97,98,99",d1c9629104d4613e,coverage_selector_embedding_specific,0.9928619934664096,0.7775689665349799,e4aca0f6b9e84075,0.9945457838532562,0.628319119336572,0.8947368421052632,85,95,550
B1_fixed,bge_base_en_v15,BGE-base-en-v1.5,90,3,SoftmaxKNN,False,heldout_unselected_items_only_phase2_convention,phase2_fixed_preregistered_softmax,3,0.03,0.5399028100071072,0.5128408199738791,0.5669648000403352,0.7065196540566397,1.0449511930985005,0.5054545454545455,0.7105454545454546,0.9781543555996367,0.9954585645616677,0.9976499364971967,1.0,0.9918378503194851,0.9926201413955973,0.9932423529536556,"0,1,2,3,4,5,6,7,8,9,10,11,12,13,14,15,16,17,18,19,20,21,22,23,24,25,26,27,28,29,30,31,32,35,37,38,39,40,41,42,43,44,45,47,48,49,51,52,55,56,57,58,59,60,61,62,63,64,65,66,67,68,69,70,71,72,73,74,75,77,78,79,81,83,84,85,86,87,88,89,90,91,92,93,94,95,96,97,98,99",d1c9629104d4613e,coverage_selector_embedding_specific,0.9928619934664096,0.7775689665349799,e4aca0f6b9e84075,0.9945457838532562,0.628319119336572,0.8947368421052632,85,95,550
B1_fixed,bge_base_en_v15,BGE-base-en-v1.5,90,4,SoftmaxKNN,False,heldout_unselected_items_only_phase2_convention,phase2_fixed_preregistered_softmax,3,0.03,0.5629746277796269,0.5376076634595529,0.5883415920997009,0.6958342194458692,1.0247848415725624,0.5096539162112932,0.6987249544626594,0.9805322601540576,0.9951175881725575,0.9977800478343171,0.9999999999999998,0.9920372753731638,0.9930934343068192,0.9944722051765797,"0,1,2,3,4,5,6,7,8,9,10,11,12,13,14,15,16,17,18,19,20,21,22,23,24,25,26,27,28,29,30,31,32,35,37,38,39,40,41,42,43,44,45,47,48,49,51,52,55,56,57,58,59,60,61,62,63,64,65,66,67,68,69,70,71,72,73,74,75,77,78,79,81,83,84,85,86,87,88,89,90,91,92,93,94,95,96,97,98,99",d1c9629104d4613e,coverage_selector_embedding_specific,0.9928619934664096,0.7775689665349799,e4aca0f6b9e84075,0.9945457838532562,0.628319119336572,0.8947368421052632,85,95,549
B1_fixed,e5_base_v2,E5-base-v2,90,0,SoftmaxKNN,False,heldout_unselected_items_only_phase2_convention,phase2_fixed_preregistered_softmax,3,0.03,0.4812616291285508,0.45744209229276606,0.5050811659643355,0.7904638118124853,1.1524579962780368,0.4876363636363637,0.7890909090909091,0.9839770088518829,0.9941691312962949,0.9980548057366971,0.9960501811434139,0.9925562257816034,0.9929614705619784,0.9929515981207762,"0,1,2,4,5,6,7,8,9,12,13,14,15,16,17,18,19,20,21,22,23,24,25,26,27,28,29,30,31,32,33,34,36,37,38,39,40,41,42,43,44,45,46,47,49,51,52,53,55,56,57,58,59,60,61,62,63,64,65,66,68,69,70,71,72,73,74,75,76,77,78,79,81,82,83,84,85,86,87,88,89,90,91,92,93,95,96,97,98,99",4ab1827017a9d4a9,coverage_selector_embedding_specific,0.9963119330337014,0.8834642611020297,e4aca0f6b9e84075,0.9945457838532562,0.628319119336572,0.8181818181818182,81,99,550
B1_fixed,e5_base_v2,E5-base-v2,90,1,SoftmaxKNN,False,heldout_unselected_items_only_phase2_convention,phase2_fixed_preregistered_softmax,3,0.03,0.45205880582894803,0.4282305837960597,0.47588702786183634,0.8082846854219777,1.16490611204875,0.47399999999999987,0.808,0.9829295004488899,0.9928009881656431,0.9976493287707623,0.995986671097711,0.9922433608550314,0.9923219698676075,0.9933272889900776,"0,1,2,4,5,6,7,8,9,12,13,14,15,16,17,18,19,20,21,22,23,24,25,26,27,28,29,30,31,32,33,34,36,37,38,39,40,41,42,43,44,45,46,47,49,51,52,53,55,56,57,58,59,60,61,62,63,64,65,66,68,69,70,71,72,73,74,75,76,77,78,79,81,82,83,84,85,86,87,88,89,90,91,92,93,95,96,97,98,99",4ab1827017a9d4a9,coverage_selector_embedding_specific,0.9963119330337014,0.8834642611020297,e4aca0f6b9e84075,0.9945457838532562,0.628319119336572,0.8181818181818182,81,99,550
B1_fixed,e5_base_v2,E5-base-v2,90,2,SoftmaxKNN,False,heldout_unselected_items_only_phase2_convention,phase2_fixed_preregistered_softmax,3,0.03,0.4642131134006275,0.44013549567740884,0.48829073112384613,0.7956162176236905,1.140268225136697,0.4749090909090909,0.7963636363636364,0.985600896846982,0.9929250230250575,0.9980547559779577,0.9964451608130884,0.9924356809036803,0.9930923035133532,0.9931050109047167,"0,1,2,4,5,6,7,8,9,12,13,14,15,16,17,18,19,20,21,22,23,24,25,26,27,28,29,30,31,32,33,34,36,37,38,39,40,41,42,43,44,45,46,47,49,51,52,53,55,56,57,58,59,60,61,62,63,64,65,66,68,69,70,71,72,73,74,75,76,77,78,79,81,82,83,84,85,86,87,88,89,90,91,92,93,95,96,97,98,99",4ab1827017a9d4a9,coverage_selector_embedding_specific,0.9963119330337014,0.8834642611020297,e4aca0f6b9e84075,0.9945457838532562,0.628319119336572,0.8181818181818182,81,99,550
B1_fixed,e5_base_v2,E5-base-v2,90,3,SoftmaxKNN,False,heldout_unselected_items_only_phase2_convention,phase2_fixed_preregistered_softmax,3,0.03,0.46000309532023925,0.43463152798851723,0.4853746626519613,0.7853929717405131,1.1354432380671133,0.4865454545454546,0.7810909090909091,0.9838585525230968,0.9944686430528127,0.9977489710389741,0.996472229519652,0.9926508396547151,0.9930398471578501,0.9930989117739453,"0,1,2,4,5,6,7,8,9,12,13,14,15,16,17,18,19,20,21,22,23,24,25,26,27,28,29,30,31,32,33,34,36,37,38,39,40,41,42,43,44,45,46,47,49,51,52,53,55,56,57,58,59,60,61,62,63,64,65,66,68,69,70,71,72,73,74,75,76,77,78,79,81,82,83,84,85,86,87,88,89,90,91,92,93,95,96,97,98,99",4ab1827017a9d4a9,coverage_selector_embedding_specific,0.9963119330337014,0.8834642611020297,e4aca0f6b9e84075,0.9945457838532562,0.628319119336572,0.8181818181818182,81,99,550
B1_fixed,e5_base_v2,E5-base-v2,90,4,SoftmaxKNN,False,heldout_unselected_items_only_phase2_convention,phase2_fixed_preregistered_softmax,3,0.03,0.46983857938922147,0.4465052937583726,0.4931718650200703,0.7924985877345316,1.1402029809454244,0.4759562841530054,0.7919854280510018,0.9862510827599981,0.9933734244917005,0.9977499152448144,0.9965498615896733,0.9929624410949436,0.993377345036226,0.9941910540588682,"0,1,2,4,5,6,7,8,9,12,13,14,15,16,17,18,19,20,21,22,23,24,25,26,27,28,29,30,31,32,33,34,36,37,38,39,40,41,42,43,44,45,46,47,49,51,52,53,55,56,57,58,59,60,61,62,63,64,65,66,68,69,70,71,72,73,74,75,76,77,78,79,81,82,83,84,85,86,87,88,89,90,91,92,93,95,96,97,98,99",4ab1827017a9d4a9,coverage_selector_embedding_specific,0.9963119330337014,0.8834642611020297,e4aca0f6b9e84075,0.9945457838532562,0.628319119336572,0.8181818181818182,81,99,549
B1_fixed,minilm_l6_v2,MiniLM-L6-v2,90,0,SoftmaxKNN,False,heldout_unselected_items_only_phase2_convention,phase2_fixed_preregistered_softmax,3,0.03,0.40379669546989494,0.3776395899902063,0.4299538009495836,0.8397346195403642,1.2777959043425473,0.48799999999999993,0.8403636363636363,0.9767509172751592,0.9964870768295273,0.9926155332219487,0.9906926142365369,0.9975593027172306,0.9908210888560806,0.9912668443860966,"0,1,2,3,4,5,6,7,8,9,10,11,12,13,14,15,16,17,18,19,20,21,22,23,24,25,26,27,28,29,30,32,35,38,39,40,41,42,43,44,45,46,47,48,49,51,52,53,54,55,56,57,59,60,61,62,64,65,66,67,68,69,70,71,72,73,74,75,76,77,78,79,81,83,84,85,86,87,88,89,90,91,92,93,94,95,96,97,98,99",4554bd3645a8b3db,coverage_selector_embedding_specific,0.9877861496887302,0.5982106601820508,e4aca0f6b9e84075,0.9945457838532562,0.628319119336572,0.8556701030927835,83,97,550
B1_fixed,minilm_l6_v2,MiniLM-L6-v2,90,1,SoftmaxKNN,False,heldout_unselected_items_only_phase2_convention,phase2_fixed_preregistered_softmax,3,0.03,0.4087280454871901,0.3821796020235505,0.4352764889508297,0.8393341419972985,1.268052643107958,0.47872727272727267,0.8401818181818181,0.9770876975662999,0.9959122247958166,0.9908901844802803,0.9907470301655245,0.997283221190424,0.990384071639669,0.9917059252161148,"0,1,2,3,4,5,6,7,8,9,10,11,12,13,14,15,16,17,18,19,20,21,22,23,24,25,26,27,28,29,30,32,35,38,39,40,41,42,43,44,45,46,47,48,49,51,52,53,54,55,56,57,59,60,61,62,64,65,66,67,68,69,70,71,72,73,74,75,76,77,78,79,81,83,84,85,86,87,88,89,90,91,92,93,94,95,96,97,98,99",4554bd3645a8b3db,coverage_selector_embedding_specific,0.9877861496887302,0.5982106601820508,e4aca0f6b9e84075,0.9945457838532562,0.628319119336572,0.8556701030927835,83,97,550
B1_fixed,minilm_l6_v2,MiniLM-L6-v2,90,2,SoftmaxKNN,False,heldout_unselected_items_only_phase2_convention,phase2_fixed_preregistered_softmax,3,0.03,0.40944506142872944,0.38219690958832764,0.43669321326913124,0.8254889134965773,1.2468755702565133,0.48218181818181816,0.8263636363636364,0.9827866119269296,0.9961786201436662,0.9923016116681622,0.990347568577832,0.9977610704542647,0.9918750965541708,0.9919851528163277,"0,1,2,3,4,5,6,7,8,9,10,11,12,13,14,15,16,17,18,19,20,21,22,23,24,25,26,27,28,29,30,32,35,38,39,40,41,42,43,44,45,46,47,48,49,51,52,53,54,55,56,57,59,60,61,62,64,65,66,67,68,69,70,71,72,73,74,75,76,77,78,79,81,83,84,85,86,87,88,89,90,91,92,93,94,95,96,97,98,99",4554bd3645a8b3db,coverage_selector_embedding_specific,0.9877861496887302,0.5982106601820508,e4aca0f6b9e84075,0.9945457838532562,0.628319119336572,0.8556701030927835,83,97,550
B1_fixed,minilm_l6_v2,MiniLM-L6-v2,90,3,SoftmaxKNN,False,heldout_unselected_items_only_phase2_convention,phase2_fixed_preregistered_softmax,3,0.03,0.42755881064180923,0.40138659552764155,0.4537310257559769,0.8238452614541635,1.2462028458705632,0.47981818181818175,0.8247272727272728,0.9782302390827838,0.9966568132859983,0.9911891630976295,0.9922700867614799,0.9970991558737641,0.9910890916203311,0.9917993964485209,"0,1,2,3,4,5,6,7,8,9,10,11,12,13,14,15,16,17,18,19,20,21,22,23,24,25,26,27,28,29,30,32,35,38,39,40,41,42,43,44,45,46,47,48,49,51,52,53,54,55,56,57,59,60,61,62,64,65,66,67,68,69,70,71,72,73,74,75,76,77,78,79,81,83,84,85,86,87,88,89,90,91,92,93,94,95,96,97,98,99",4554bd3645a8b3db,coverage_selector_embedding_specific,0.9877861496887302,0.5982106601820508,e4aca0f6b9e84075,0.9945457838532562,0.628319119336572,0.8556701030927835,83,97,550
B1_fixed,minilm_l6_v2,MiniLM-L6-v2,90,4,SoftmaxKNN,False,heldout_unselected_items_only_phase2_convention,phase2_fixed_preregistered_softmax,3,0.03,0.4222151911835669,0.395571816578312,0.4488585657888218,0.8266336135653977,1.2447703735214433,0.48178506375227687,0.827504553734062,0.9818599863844457,0.9957162403397615,0.9925365533617206,0.9909059051932744,0.9975576916457782,0.991715275384996,0.9929124507126204,"0,1,2,3,4,5,6,7,8,9,10,11,12,13,14,15,16,17,18,19,20,21,22,23,24,25,26,27,28,29,30,32,35,38,39,40,41,42,43,44,45,46,47,48,49,51,52,53,54,55,56,57,59,60,61,62,64,65,66,67,68,69,70,71,72,73,74,75,76,77,78,79,81,83,84,85,86,87,88,89,90,91,92,93,94,95,96,97,98,99",4554bd3645a8b3db,coverage_selector_embedding_specific,0.9877861496887302,0.5982106601820508,e4aca0f6b9e84075,0.9945457838532562,0.628319119336572,0.8556701030927835,83,97,549
B1_fixed,mpnet_base_v2,MPNet-base-v2,90,0,SoftmaxKNN,False,heldout_unselected_items_only_phase2_convention,phase2_fixed_preregistered_softmax,3,0.03,0.5632086867676444,0.5374385308390165,0.5889788426962722,0.6895975787958212,1.0513740940291012,0.5189090909090909,0.6887272727272727,0.9839317340031724,0.9948818974489925,0.9973928718813743,0.9910222698909685,0.9943785918608087,0.9923214730170633,0.9929959208906742,"0,1,2,3,4,5,6,7,8,9,10,11,12,13,14,15,16,17,18,19,20,21,22,23,24,25,26,27,28,29,30,31,32,37,38,39,40,41,42,43,44,45,46,47,49,51,52,53,55,56,57,58,59,60,61,62,63,64,65,66,67,68,69,70,71,72,73,74,75,77,78,79,81,82,83,84,85,86,87,88,89,90,91,92,93,94,96,97,98,99",e89eefa9a454e390,coverage_selector_embedding_specific,0.9885860509311314,0.5988157803735272,e4aca0f6b9e84075,0.9945457838532562,0.628319119336572,0.875,84,96,550
B1_fixed,mpnet_base_v2,MPNet-base-v2,90,1,SoftmaxKNN,False,heldout_unselected_items_only_phase2_convention,phase2_fixed_preregistered_softmax,3,0.03,0.5425505841204012,0.5167288698126458,0.5683722984281567,0.7184907228915172,1.0832669172850022,0.5045454545454545,0.718,0.9825678575239114,0.9946383973549611,0.9969703155725288,0.9911594952456455,0.9947394313658117,0.9920150994125716,0.9936134921577241,"0,1,2,3,4,5,6,7,8,9,10,11,12,13,14,15,16,17,18,19,20,21,22,23,24,25,26,27,28,29,30,31,32,37,38,39,40,41,42,43,44,45,46,47,49,51,52,53,55,56,57,58,59,60,61,62,63,64,65,66,67,68,69,70,71,72,73,74,75,77,78,79,81,82,83,84,85,86,87,88,89,90,91,92,93,94,96,97,98,99",e89eefa9a454e390,coverage_selector_embedding_specific,0.9885860509311314,0.5988157803735272,e4aca0f6b9e84075,0.9945457838532562,0.628319119336572,0.875,84,96,550
B1_fixed,mpnet_base_v2,MPNet-base-v2,90,2,SoftmaxKNN,False,heldout_unselected_items_only_phase2_convention,phase2_fixed_preregistered_softmax,3,0.03,0.5698675996867542,0.545659581060713,0.5940756183127953,0.6903606229383916,1.0415451138975957,0.5134545454545454,0.6894545454545454,0.9874717587850175,0.9948255109807737,0.997605746488566,0.991955839560056,0.9950948139482703,0.9933907339525367,0.9942977820409521,"0,1,2,3,4,5,6,7,8,9,10,11,12,13,14,15,16,17,18,19,20,21,22,23,24,25,26,27,28,29,30,31,32,37,38,39,40,41,42,43,44,45,46,47,49,51,52,53,55,56,57,58,59,60,61,62,63,64,65,66,67,68,69,70,71,72,73,74,75,77,78,79,81,82,83,84,85,86,87,88,89,90,91,92,93,94,96,97,98,99",e89eefa9a454e390,coverage_selector_embedding_specific,0.9885860509311314,0.5988157803735272,e4aca0f6b9e84075,0.9945457838532562,0.628319119336572,0.875,84,96,550
B1_fixed,mpnet_base_v2,MPNet-base-v2,90,3,SoftmaxKNN,False,heldout_unselected_items_only_phase2_convention,phase2_fixed_preregistered_softmax,3,0.03,0.5389365839916002,0.5126896358897138,0.5651835320934865,0.711494299850716,1.0703511732237398,0.5074545454545455,0.7109090909090909,0.9838622498407519,0.9952280765102683,0.996995605032692,0.991894249717821,0.9942623620465391,0.9924485086296144,0.9936248438416149,"0,1,2,3,4,5,6,7,8,9,10,11,12,13,14,15,16,17,18,19,20,21,22,23,24,25,26,27,28,29,30,31,32,37,38,39,40,41,42,43,44,45,46,47,49,51,52,53,55,56,57,58,59,60,61,62,63,64,65,66,67,68,69,70,71,72,73,74,75,77,78,79,81,82,83,84,85,86,87,88,89,90,91,92,93,94,96,97,98,99",e89eefa9a454e390,coverage_selector_embedding_specific,0.9885860509311314,0.5988157803735272,e4aca0f6b9e84075,0.9945457838532562,0.628319119336572,0.875,84,96,550
B1_fixed,mpnet_base_v2,MPNet-base-v2,90,4,SoftmaxKNN,False,heldout_unselected_items_only_phase2_convention,phase2_fixed_preregistered_softmax,3,0.03,0.556772766230616,0.531650024815776,0.5818955076454561,0.7040939440695655,1.0593690597584862,0.5091074681238615,0.7034608378870674,0.9857857111717766,0.9948482082120639,0.9969691646203248,0.9911673419715684,0.9950978384517113,0.992773652885489,0.99439389643317,"0,1,2,3,4,5,6,7,8,9,10,11,12,13,14,15,16,17,18,19,20,21,22,23,24,25,26,27,28,29,30,31,32,37,38,39,40,41,42,43,44,45,46,47,49,51,52,53,55,56,57,58,59,60,61,62,63,64,65,66,67,68,69,70,71,72,73,74,75,77,78,79,81,82,83,84,85,86,87,88,89,90,91,92,93,94,96,97,98,99",e89eefa9a454e390,coverage_selector_embedding_specific,0.9885860509311314,0.5988157803735272,e4aca0f6b9e84075,0.9945457838532562,0.628319119336572,0.875,84,96,549
B1_fixed,sbert_original,SBERT (original),90,0,SoftmaxKNN,False,heldout_unselected_items_only_phase2_convention,phase2_fixed_preregistered_softmax,3,0.03,0.5973189727750002,0.5726337206560634,0.622004224893937,0.6564781717504574,0.9714343603583204,0.5212727272727273,0.6518181818181819,0.991842787409118,0.9868211915469131,0.9999999999999999,1.0,0.9925371532416288,0.9942402264395319,0.9927579797982757,"0,1,2,3,4,5,6,7,8,9,10,11,12,13,14,15,16,17,18,19,20,21,22,23,25,26,27,28,29,30,31,32,35,36,38,39,40,41,42,43,44,45,47,48,49,50,51,52,53,55,56,57,58,59,61,62,63,65,66,67,68,69,70,71,72,73,74,75,77,78,79,80,81,82,83,84,85,86,87,88,89,90,91,92,93,94,95,96,97,98",e4aca0f6b9e84075,coverage_selector_embedding_specific,0.9945458615517709,0.6283191148966659,e4aca0f6b9e84075,0.9945457838532562,0.628319119336572,1.0,90,90,550
B1_fixed,sbert_original,SBERT (original),90,1,SoftmaxKNN,False,heldout_unselected_items_only_phase2_convention,phase2_fixed_preregistered_softmax,3,0.03,0.6136682120460494,0.5903523082489389,0.6369841158431598,0.6783046507755077,0.9908206472208279,0.5074545454545455,0.6730909090909091,0.9911354805096713,0.9816180507608759,1.0,1.0,0.9918155816898278,0.9929138225920748,0.9929649010415026,"0,1,2,3,4,5,6,7,8,9,10,11,12,13,14,15,16,17,18,19,20,21,22,23,25,26,27,28,29,30,31,32,35,36,38,39,40,41,42,43,44,45,47,48,49,50,51,52,53,55,56,57,58,59,61,62,63,65,66,67,68,69,70,71,72,73,74,75,77,78,79,80,81,82,83,84,85,86,87,88,89,90,91,92,93,94,95,96,97,98",e4aca0f6b9e84075,coverage_selector_embedding_specific,0.9945458615517709,0.6283191148966659,e4aca0f6b9e84075,0.9945457838532562,0.628319119336572,1.0,90,90,550
B1_fixed,sbert_original,SBERT (original),90,2,SoftmaxKNN,False,heldout_unselected_items_only_phase2_convention,phase2_fixed_preregistered_softmax,3,0.03,0.590960198802486,0.5663885555922182,0.6155318420127537,0.6705405369949922,0.9772143131961324,0.5065454545454546,0.6665454545454546,0.9930347668370171,0.9853019205412862,0.9999999999999999,0.9999999999999999,0.9910910030569375,0.9938855380870482,0.9939756423309022,"0,1,2,3,4,5,6,7,8,9,10,11,12,13,14,15,16,17,18,19,20,21,22,23,25,26,27,28,29,30,31,32,35,36,38,39,40,41,42,43,44,45,47,48,49,50,51,52,53,55,56,57,58,59,61,62,63,65,66,67,68,69,70,71,72,73,74,75,77,78,79,80,81,82,83,84,85,86,87,88,89,90,91,92,93,94,95,96,97,98",e4aca0f6b9e84075,coverage_selector_embedding_specific,0.9945458615517709,0.6283191148966659,e4aca0f6b9e84075,0.9945457838532562,0.628319119336572,1.0,90,90,550
B1_fixed,sbert_original,SBERT (original),90,3,SoftmaxKNN,False,heldout_unselected_items_only_phase2_convention,phase2_fixed_preregistered_softmax,3,0.03,0.5920320705164065,0.5667422062489132,0.6173219347838997,0.6626055801266365,0.97315842108757,0.5165454545454546,0.6585454545454545,0.9914950326775108,0.9859317902017125,1.0,1.0,0.9914783775263865,0.993781040081122,0.9932947686062134,"0,1,2,3,4,5,6,7,8,9,10,11,12,13,14,15,16,17,18,19,20,21,22,23,25,26,27,28,29,30,31,32,35,36,38,39,40,41,42,43,44,45,47,48,49,50,51,52,53,55,56,57,58,59,61,62,63,65,66,67,68,69,70,71,72,73,74,75,77,78,79,80,81,82,83,84,85,86,87,88,89,90,91,92,93,94,95,96,97,98",e4aca0f6b9e84075,coverage_selector_embedding_specific,0.9945458615517709,0.6283191148966659,e4aca0f6b9e84075,0.9945457838532562,0.628319119336572,1.0,90,90,550
B1_fixed,sbert_original,SBERT (original),90,4,SoftmaxKNN,False,heldout_unselected_items_only_phase2_convention,phase2_fixed_preregistered_softmax,3,0.03,0.6123729003856961,0.5881929674677555,0.6365528333036368,0.6642223143227016,0.9706704369879968,0.5154826958105647,0.6586520947176685,0.9928302813428207,0.9836113541783356,1.0,0.9999999999999998,0.9921165621541184,0.9937116395350548,0.9943536369952026,"0,1,2,3,4,5,6,7,8,9,10,11,12,13,14,15,16,17,18,19,20,21,22,23,25,26,27,28,29,30,31,32,35,36,38,39,40,41,42,43,44,45,47,48,49,50,51,52,53,55,56,57,58,59,61,62,63,65,66,67,68,69,70,71,72,73,74,75,77,78,79,80,81,82,83,84,85,86,87,88,89,90,91,92,93,94,95,96,97,98",e4aca0f6b9e84075,coverage_selector_embedding_specific,0.9945458615517709,0.6283191148966659,e4aca0f6b9e84075,0.9945457838532562,0.628319119336572,1.0,90,90,549
B2_tuned,bge_base_en_v15,BGE-base-en-v1.5,10,0,SoftmaxKNN,False,heldout_unselected_items_only_phase2_convention,train_inner_tuned_nested,5,0.1,0.3279678758934452,0.3154439206179411,0.3404918311689494,1.0126757541095168,1.277330372362478,0.33036363636363636,0.9840606060606061,0.7381497832237349,0.5431583424829493,0.5933451766636131,0.48243842023143885,0.5840378004456718,0.5882259046094817,0.7250838736839068,"23,35,43,45,58,59,60,66,73,94",ec0db881349d9b77,coverage_selector_embedding_specific,0.8710806690581343,0.7816366087843026,92745849571d4031,0.8111275356842519,0.6411336607517674,0.25,4,16,550
B2_tuned,bge_base_en_v15,BGE-base-en-v1.5,10,1,SoftmaxKNN,False,heldout_unselected_items_only_phase2_convention,train_inner_tuned_nested,5,0.1,0.31960572552928657,0.306922474759266,0.33228897629930715,1.014878228824149,1.2737635668767973,0.3221818181818182,0.9898787878787879,0.7164889881351347,0.5347016633566091,0.5647650183725667,0.4957223476807516,0.5780420355446584,0.5779440106179441,0.7279715036378345,"23,35,43,45,58,59,60,66,73,94",ec0db881349d9b77,coverage_selector_embedding_specific,0.8710806690581343,0.7816366087843026,92745849571d4031,0.8111275356842519,0.6411336607517674,0.25,4,16,550
B2_tuned,bge_base_en_v15,BGE-base-en-v1.5,10,2,SoftmaxKNN,False,heldout_unselected_items_only_phase2_convention,train_inner_tuned_nested,5,0.1,0.32078965878687327,0.3077737920122659,0.33380552556148063,1.0080200292875896,1.2607484057482676,0.32066666666666666,0.9793939393939394,0.770647674477113,0.5928709436424201,0.610065585977142,0.4894667838901182,0.5486718254531532,0.6023445626879893,0.7360648631565792,"23,35,43,45,58,59,60,66,73,94",ec0db881349d9b77,coverage_selector_embedding_specific,0.8710806690581343,0.7816366087843026,92745849571d4031,0.8111275356842519,0.6411336607517674,0.25,4,16,550
B2_tuned,bge_base_en_v15,BGE-base-en-v1.5,10,3,SoftmaxKNN,False,heldout_unselected_items_only_phase2_convention,train_inner_tuned_nested,5,0.1,0.3161876567208925,0.30310308562079213,0.32927222782099286,1.0075979282493124,1.2680681948462065,0.3257373737373737,0.9816161616161616,0.7440446736555932,0.572915423031106,0.5241206062568797,0.5466801621624507,0.6130445445343845,0.6001610819280828,0.7133438471889696,"23,35,43,45,58,59,60,66,73,94",ec0db881349d9b77,coverage_selector_embedding_specific,0.8710806690581343,0.7816366087843026,92745849571d4031,0.8111275356842519,0.6411336607517674,0.25,4,16,550
B2_tuned,bge_base_en_v15,BGE-base-en-v1.5,10,4,SoftmaxKNN,False,heldout_unselected_items_only_phase2_convention,train_inner_tuned_nested,5,0.1,0.3320487022940247,0.31897668862990325,0.3451207159581462,1.006946511263132,1.2640748157625128,0.32643189637725156,0.9783242258652095,0.8037826699713371,0.5765354561693952,0.6522827896218459,0.44425828492987185,0.5663920136551998,0.60865024286953,0.7378784362530424,"23,35,43,45,58,59,60,66,73,94",ec0db881349d9b77,coverage_selector_embedding_specific,0.8710806690581343,0.7816366087843026,92745849571d4031,0.8111275356842519,0.6411336607517674,0.25,4,16,549
B2_tuned,e5_base_v2,E5-base-v2,10,0,SoftmaxKNN,False,heldout_unselected_items_only_phase2_convention,train_inner_tuned_nested,5,0.03,0.29645752744809056,0.28316557614074683,0.3097494787554343,1.0163262673547049,1.289484088374808,0.32765656565656565,0.9937171717171717,0.7444273762121404,0.4365291222065387,0.5591310797633802,0.5402172420377022,0.7894672867091825,0.6139544213857888,0.6892295222050107,"0,16,23,31,34,43,59,66,73,82",ddb8a8dc4781b07a,coverage_selector_embedding_specific,0.9313861276492562,0.8880157529072026,92745849571d4031,0.8111275356842519,0.6411336607517674,0.17647058823529413,3,17,550
B2_tuned,e5_base_v2,E5-base-v2,10,1,SoftmaxKNN,False,heldout_unselected_items_only_phase2_convention,train_inner_tuned_nested,5,0.03,0.29242827673753097,0.2779683815982927,0.30688817187676926,1.0167192815889257,1.2857354071140905,0.32286868686868686,0.9968484848484849,0.7447294305179631,0.41454021550660075,0.5231526371900274,0.5130272824901764,0.7741754824326269,0.5939250096274789,0.6811408218005375,"0,16,23,31,34,43,59,66,73,82",ddb8a8dc4781b07a,coverage_selector_embedding_specific,0.9313861276492562,0.8880157529072026,92745849571d4031,0.8111275356842519,0.6411336607517674,0.17647058823529413,3,17,550
B2_tuned,e5_base_v2,E5-base-v2,10,2,SoftmaxKNN,False,heldout_unselected_items_only_phase2_convention,train_inner_tuned_nested,5,0.03,0.3003297796310204,0.28670580962857495,0.3139537496334659,1.0077801685401722,1.277938269404763,0.3291919191919192,0.9851111111111112,0.8013577290035784,0.4166428039506556,0.5571784501019823,0.5736048903587375,0.7830945842052491,0.6263756915240406,0.7149257937899139,"0,16,23,31,34,43,59,66,73,82",ddb8a8dc4781b07a,coverage_selector_embedding_specific,0.9313861276492562,0.8880157529072026,92745849571d4031,0.8111275356842519,0.6411336607517674,0.17647058823529413,3,17,550
B2_tuned,e5_base_v2,E5-base-v2,10,3,SoftmaxKNN,False,heldout_unselected_items_only_phase2_convention,train_inner_tuned_nested,5,0.03,0.29398423388166967,0.27951407956288427,0.30845438820045507,1.0076725682018184,1.2804004400444426,0.3311111111111111,0.9855151515151516,0.7606550537923094,0.43056472724153755,0.5974236942347267,0.5616416556706786,0.7778275013354313,0.6256225264549367,0.6874513563268614,"0,16,23,31,34,43,59,66,73,82",ddb8a8dc4781b07a,coverage_selector_embedding_specific,0.9313861276492562,0.8880157529072026,92745849571d4031,0.8111275356842519,0.6411336607517674,0.17647058823529413,3,17,550
B2_tuned,e5_base_v2,E5-base-v2,10,4,SoftmaxKNN,False,heldout_unselected_items_only_phase2_convention,train_inner_tuned_nested,5,0.03,0.3181806341247282,0.30439512093965465,0.33196614730980173,1.0039987121718237,1.271346326390732,0.327565270188221,0.9819469742967011,0.8090246318008621,0.41654529959999664,0.5747620048865503,0.5043350164215797,0.7830255235397011,0.617538495249738,0.7087354459075386,"0,16,23,31,34,43,59,66,73,82",ddb8a8dc4781b07a,coverage_selector_embedding_specific,0.9313861276492562,0.8880157529072026,92745849571d4031,0.8111275356842519,0.6411336607517674,0.17647058823529413,3,17,549
B2_tuned,minilm_l6_v2,MiniLM-L6-v2,10,0,SoftmaxKNN,False,heldout_unselected_items_only_phase2_convention,train_inner_tuned_nested,7,0.1,0.2985008550891511,0.28611610200100884,0.3108856081772933,1.0021279555044669,1.2687311799739451,0.32816161616161615,0.9813939393939394,0.6964104582960919,0.7820179950826852,0.7804487725500882,0.5496805803207048,0.48304447709398657,0.6583204566687113,0.7429696688450359,"11,18,23,28,43,65,73,78,94,97",6a6a2a502b884a35,coverage_selector_embedding_specific,0.7503406568520229,0.5935861805430829,92745849571d4031,0.8111275356842519,0.6411336607517674,0.1111111111111111,2,18,550
B2_tuned,minilm_l6_v2,MiniLM-L6-v2,10,1,SoftmaxKNN,False,heldout_unselected_items_only_phase2_convention,train_inner_tuned_nested,7,0.1,0.2976345737741239,0.28511536789428105,0.31015377965396673,1.0031580368366209,1.266282559861676,0.32721212121212123,0.9802222222222222,0.6954268947384461,0.7572400158442258,0.7709167518832695,0.4534352274868367,0.5367117392360163,0.6427461258377589,0.7460858347764125,"11,18,23,28,43,65,73,78,94,97",6a6a2a502b884a35,coverage_selector_embedding_specific,0.7503406568520229,0.5935861805430829,92745849571d4031,0.8111275356842519,0.6411336607517674,0.1111111111111111,2,18,550
B2_tuned,minilm_l6_v2,MiniLM-L6-v2,10,2,SoftmaxKNN,False,heldout_unselected_items_only_phase2_convention,train_inner_tuned_nested,7,0.1,0.2955714363679499,0.2829697389772769,0.30817313375862293,1.0035143685906365,1.2632704723539345,0.3223434343434343,0.9816767676767677,0.7293385393834986,0.7858660306426214,0.7546901266868314,0.5322421308422004,0.47139758474761034,0.6547068824605524,0.7624792612767678,"11,18,23,28,43,65,73,78,94,97",6a6a2a502b884a35,coverage_selector_embedding_specific,0.7503406568520229,0.5935861805430829,92745849571d4031,0.8111275356842519,0.6411336607517674,0.1111111111111111,2,18,550
B2_tuned,minilm_l6_v2,MiniLM-L6-v2,10,3,SoftmaxKNN,False,heldout_unselected_items_only_phase2_convention,train_inner_tuned_nested,7,0.1,0.2957452139218224,0.2833182027178065,0.3081722251258383,1.0007888439329897,1.2616976540807494,0.32426262626262625,0.9794343434343434,0.6980561603999909,0.755995494399058,0.7712236702071125,0.5419866269585347,0.5726628484556013,0.6679849600840594,0.7330937574193137,"11,18,23,28,43,65,73,78,94,97",6a6a2a502b884a35,coverage_selector_embedding_specific,0.7503406568520229,0.5935861805430829,92745849571d4031,0.8111275356842519,0.6411336607517674,0.1111111111111111,2,18,550
B2_tuned,minilm_l6_v2,MiniLM-L6-v2,10,4,SoftmaxKNN,False,heldout_unselected_items_only_phase2_convention,train_inner_tuned_nested,7,0.1,0.3049436481250322,0.29233621504573887,0.31755108120432557,1.00066033836898,1.260924393980502,0.32450920866221417,0.9801052418538757,0.7648672240910763,0.7676720837244829,0.7702897005717044,0.4882151998321481,0.526922868967953,0.6635934154374729,0.757502405614465,"11,18,23,28,43,65,73,78,94,97",6a6a2a502b884a35,coverage_selector_embedding_specific,0.7503406568520229,0.5935861805430829,92745849571d4031,0.8111275356842519,0.6411336607517674,0.1111111111111111,2,18,549
B2_tuned,mpnet_base_v2,MPNet-base-v2,10,0,SoftmaxKNN,False,heldout_unselected_items_only_phase2_convention,train_inner_tuned_nested,7,0.1,0.344487222358326,0.33105464185179867,0.35791980286485336,0.9835062843384585,1.2783579519963606,0.3536161616161616,0.9628282828282828,0.800109521835764,0.6766188830207323,0.8304558961211413,0.5154424434787701,0.5865973717691666,0.681844823245115,0.7659965826308175,"11,23,30,43,65,66,72,73,82,94",fbaa37d42ee998f8,coverage_selector_embedding_specific,0.7617458986076234,0.6063249020843201,92745849571d4031,0.8111275356842519,0.6411336607517674,0.17647058823529413,3,17,550
B2_tuned,mpnet_base_v2,MPNet-base-v2,10,1,SoftmaxKNN,False,heldout_unselected_items_only_phase2_convention,train_inner_tuned_nested,7,0.1,0.3444341198876242,0.33070535883704416,0.3581628809382042,0.9903654655820012,1.2813560956722032,0.35098989898989896,0.9689090909090909,0.7778925791495296,0.6420819571956747,0.7826468476740333,0.4594252706037328,0.620014386565804,0.6564122082377548,0.7501135576816151,"11,23,30,43,65,66,72,73,82,94",fbaa37d42ee998f8,coverage_selector_embedding_specific,0.7617458986076234,0.6063249020843201,92745849571d4031,0.8111275356842519,0.6411336607517674,0.17647058823529413,3,17,550
B2_tuned,mpnet_base_v2,MPNet-base-v2,10,2,SoftmaxKNN,False,heldout_unselected_items_only_phase2_convention,train_inner_tuned_nested,7,0.1,0.35245168353151496,0.3403446904304295,0.36455867663260044,0.979830153349275,1.2670938603143889,0.3495353535353536,0.9591717171717171,0.821578887547476,0.7097372826428054,0.8110214036414,0.588584647087399,0.5372976407782676,0.6936439723394695,0.7887853853674464,"11,23,30,43,65,66,72,73,82,94",fbaa37d42ee998f8,coverage_selector_embedding_specific,0.7617458986076234,0.6063249020843201,92745849571d4031,0.8111275356842519,0.6411336607517674,0.17647058823529413,3,17,550
B2_tuned,mpnet_base_v2,MPNet-base-v2,10,3,SoftmaxKNN,False,heldout_unselected_items_only_phase2_convention,train_inner_tuned_nested,7,0.1,0.3467812198204536,0.33372857341386736,0.3598338662270399,0.980728996316751,1.2703110886611038,0.35290909090909084,0.9569696969696969,0.7730501975911476,0.7109165771761069,0.8038709856282181,0.5538897147369529,0.5442005799895421,0.6771856110243936,0.7565776030595068,"11,23,30,43,65,66,72,73,82,94",fbaa37d42ee998f8,coverage_selector_embedding_specific,0.7617458986076234,0.6063249020843201,92745849571d4031,0.8111275356842519,0.6411336607517674,0.17647058823529413,3,17,550
B2_tuned,mpnet_base_v2,MPNet-base-v2,10,4,SoftmaxKNN,False,heldout_unselected_items_only_phase2_convention,train_inner_tuned_nested,7,0.1,0.3652964394512305,0.3528959980196233,0.37769688088283776,0.9835424986115219,1.2720338866858312,0.34786480469540576,0.9636308439587128,0.8343430805697294,0.6814175528255745,0.8172367991682088,0.48129424976682317,0.5813686084984238,0.679132058165752,0.7962271500520425,"11,23,30,43,65,66,72,73,82,94",fbaa37d42ee998f8,coverage_selector_embedding_specific,0.7617458986076234,0.6063249020843201,92745849571d4031,0.8111275356842519,0.6411336607517674,0.17647058823529413,3,17,549
B2_tuned,sbert_original,SBERT (original),10,0,SoftmaxKNN,False,heldout_unselected_items_only_phase2_convention,train_inner_tuned_nested,10,0.1,0.28397730967542395,0.2715706358836231,0.2963839834672248,1.0127632498416104,1.2853983093323398,0.32589898989898997,0.9957979797979798,0.6239503451659612,0.7900557830364127,0.6093634500165632,0.6102676061350447,0.6760919882265749,0.6619458345161113,0.6953909582434424,"12,23,40,41,48,59,66,67,80,94",92745849571d4031,coverage_selector_embedding_specific,0.8111274868951677,0.6411336137882714,92745849571d4031,0.8111275356842519,0.6411336607517674,1.0,10,10,550
B2_tuned,sbert_original,SBERT (original),10,1,SoftmaxKNN,False,heldout_unselected_items_only_phase2_convention,train_inner_tuned_nested,10,0.1,0.2714987087328656,0.2594872809550824,0.28351013651064877,1.0309104520551733,1.2973125995522437,0.31541414141414137,1.013979797979798,0.6276029795381947,0.7395620840359108,0.4749357447608794,0.5116200005438734,0.6694562719262359,0.6046354161610188,0.6863969951590813,"12,23,40,41,48,59,66,67,80,94",92745849571d4031,coverage_selector_embedding_specific,0.8111274868951677,0.6411336137882714,92745849571d4031,0.8111275356842519,0.6411336607517674,1.0,10,10,550
B2_tuned,sbert_original,SBERT (original),10,2,SoftmaxKNN,False,heldout_unselected_items_only_phase2_convention,train_inner_tuned_nested,10,0.1,0.2706593511209433,0.25815175770862103,0.2831669445332656,1.014026204086462,1.281608995292166,0.31943434343434346,0.9985454545454545,0.6932952248187687,0.801097457929701,0.550195308553992,0.5584458958147597,0.6688945129696612,0.6543856800173765,0.6976989680655692,"12,23,40,41,48,59,66,67,80,94",92745849571d4031,coverage_selector_embedding_specific,0.8111274868951677,0.6411336137882714,92745849571d4031,0.8111275356842519,0.6411336607517674,1.0,10,10,550
B2_tuned,sbert_original,SBERT (original),10,3,SoftmaxKNN,False,heldout_unselected_items_only_phase2_convention,train_inner_tuned_nested,10,0.1,0.273172465592774,0.2601279319563799,0.28621699922916816,1.0185531383653976,1.2884311407163498,0.3215353535353535,1.0012929292929293,0.638507466074205,0.7898667781982646,0.5314036928404869,0.5756473435723328,0.6782568608143136,0.6427364282999205,0.6969254037171417,"12,23,40,41,48,59,66,67,80,94",92745849571d4031,coverage_selector_embedding_specific,0.8111274868951677,0.6411336137882714,92745849571d4031,0.8111275356842519,0.6411336607517674,1.0,10,10,550
B2_tuned,sbert_original,SBERT (original),10,4,SoftmaxKNN,False,heldout_unselected_items_only_phase2_convention,train_inner_tuned_nested,10,0.1,0.28434540169272493,0.2714505463025533,0.2972402570828966,1.0167403111722866,1.2807510601663536,0.3204209674155029,0.9979963570127505,0.7282027339278156,0.7828650881088863,0.5176079655643955,0.5466139863398359,0.680134331385718,0.6510848210653302,0.7007079597645816,"12,23,40,41,48,59,66,67,80,94",92745849571d4031,coverage_selector_embedding_specific,0.8111274868951677,0.6411336137882714,92745849571d4031,0.8111275356842519,0.6411336607517674,1.0,10,10,549
B2_tuned,bge_base_en_v15,BGE-base-en-v1.5,30,0,SoftmaxKNN,False,heldout_unselected_items_only_phase2_convention,train_inner_tuned_nested,10,0.1,0.429805612611914,0.416247115404173,0.4433641098196551,0.9297271157088626,1.141395698920198,0.3233506493506494,0.9045714285714286,0.8724586584219777,0.8449424026031772,0.9248485586753551,0.8137445596298118,0.8618639299860971,0.8635716218632836,0.8936020793738733,"0,5,11,16,18,23,27,28,31,35,40,43,45,48,57,58,59,60,62,66,68,69,70,73,81,83,88,94,96,97",d4ab89ba5be2ea63,coverage_selector_embedding_specific,0.9148476662932079,0.7711159964257489,62099f7a34f67aa9,0.8829888945012074,0.6164002583578039,0.30434782608695654,14,46,550
B2_tuned,bge_base_en_v15,BGE-base-en-v1.5,30,1,SoftmaxKNN,False,heldout_unselected_items_only_phase2_convention,train_inner_tuned_nested,10,0.1,0.4214494734024995,0.4078796426689764,0.4350193041360226,0.929804584027278,1.137476748406303,0.32116883116883116,0.9028051948051948,0.8689381383282906,0.8310716390364375,0.9220364324506437,0.8148279120372034,0.8683292299614983,0.8610406703628147,0.902518059613073,"0,5,11,16,18,23,27,28,31,35,40,43,45,48,57,58,59,60,62,66,68,69,70,73,81,83,88,94,96,97",d4ab89ba5be2ea63,coverage_selector_embedding_specific,0.9148476662932079,0.7711159964257489,62099f7a34f67aa9,0.8829888945012074,0.6164002583578039,0.30434782608695654,14,46,550
B2_tuned,bge_base_en_v15,BGE-base-en-v1.5,30,2,SoftmaxKNN,False,heldout_unselected_items_only_phase2_convention,train_inner_tuned_nested,10,0.1,0.426456115317941,0.41319378907509274,0.4397184415607892,0.9229099155800045,1.1303358937143109,0.32270129870129866,0.8976363636363637,0.8977127493896118,0.8464350720629856,0.9246966878091392,0.8143098978848369,0.8689958668145107,0.8704300547922168,0.9066861712187971,"0,5,11,16,18,23,27,28,31,35,40,43,45,48,57,58,59,60,62,66,68,69,70,73,81,83,88,94,96,97",d4ab89ba5be2ea63,coverage_selector_embedding_specific,0.9148476662932079,0.7711159964257489,62099f7a34f67aa9,0.8829888945012074,0.6164002583578039,0.30434782608695654,14,46,550
B2_tuned,bge_base_en_v15,BGE-base-en-v1.5,30,3,SoftmaxKNN,False,heldout_unselected_items_only_phase2_convention,train_inner_tuned_nested,10,0.1,0.4225839670743033,0.4084856342271696,0.436682299921437,0.9252567082589936,1.1331985206290076,0.322,0.8994025974025974,0.875824673839014,0.8392828542210403,0.9161361494183372,0.8396568423597585,0.887926530294339,0.8717654100264978,0.8989880503190512,"0,5,11,16,18,23,27,28,31,35,40,43,45,48,57,58,59,60,62,66,68,69,70,73,81,83,88,94,96,97",d4ab89ba5be2ea63,coverage_selector_embedding_specific,0.9148476662932079,0.7711159964257489,62099f7a34f67aa9,0.8829888945012074,0.6164002583578039,0.30434782608695654,14,46,550
B2_tuned,bge_base_en_v15,BGE-base-en-v1.5,30,4,SoftmaxKNN,False,heldout_unselected_items_only_phase2_convention,train_inner_tuned_nested,10,0.1,0.4361429034544294,0.4227266073859542,0.44955919952290463,0.9244184748730272,1.1313098591140414,0.3219620088472548,0.899375487900078,0.9044889321735418,0.833147485816252,0.9277609258650672,0.7834157356046552,0.8728229202536893,0.8643271999426411,0.9141413216585138,"0,5,11,16,18,23,27,28,31,35,40,43,45,48,57,58,59,60,62,66,68,69,70,73,81,83,88,94,96,97",d4ab89ba5be2ea63,coverage_selector_embedding_specific,0.9148476662932079,0.7711159964257489,62099f7a34f67aa9,0.8829888945012074,0.6164002583578039,0.30434782608695654,14,46,549
B2_tuned,e5_base_v2,E5-base-v2,30,0,SoftmaxKNN,False,heldout_unselected_items_only_phase2_convention,train_inner_tuned_nested,5,0.1,0.40946809633136344,0.39718021023402983,0.42175598242869705,0.9393448593083701,1.1515983460404975,0.31787012987012986,0.9136883116883117,0.8341225567331566,0.8031686841002124,0.9543731772816587,0.6553134047228882,0.9343729470395044,0.8362701539754841,0.8901205273367596,"0,5,13,16,17,18,19,23,29,31,34,36,37,38,42,43,59,60,66,70,72,73,74,79,82,83,88,92,96,98",7ceffde4e4dcacff,coverage_selector_embedding_specific,0.9548893850322285,0.8809807451335154,62099f7a34f67aa9,0.8829888945012074,0.6164002583578039,0.22448979591836735,11,49,550
B2_tuned,e5_base_v2,E5-base-v2,30,1,SoftmaxKNN,False,heldout_unselected_items_only_phase2_convention,train_inner_tuned_nested,5,0.05,0.39998861286119675,0.3869990601877845,0.412978165534609,0.9361504749634355,1.166198150516401,0.33394805194805194,0.9094285714285715,0.8514837441905854,0.7834892664244713,0.9349031963179532,0.6083526716100075,0.9297196236187864,0.8215897004323608,0.8693127499874965,"0,5,13,16,17,18,19,23,29,31,34,36,37,38,42,43,59,60,66,70,72,73,74,79,82,83,88,92,96,98",7ceffde4e4dcacff,coverage_selector_embedding_specific,0.9548893850322285,0.8809807451335154,62099f7a34f67aa9,0.8829888945012074,0.6164002583578039,0.22448979591836735,11,49,550
B2_tuned,e5_base_v2,E5-base-v2,30,2,SoftmaxKNN,False,heldout_unselected_items_only_phase2_convention,train_inner_tuned_nested,5,0.1,0.4056538795907514,0.39354748892594066,0.4177602702555621,0.9311681033652055,1.1434195823514235,0.3221818181818182,0.9040519480519481,0.8657636294489957,0.7804425661928402,0.9536140624636213,0.6521132062055167,0.932111997294822,0.8368090923211591,0.8892860121836645,"0,5,13,16,17,18,19,23,29,31,34,36,37,38,42,43,59,60,66,70,72,73,74,79,82,83,88,92,96,98",7ceffde4e4dcacff,coverage_selector_embedding_specific,0.9548893850322285,0.8809807451335154,62099f7a34f67aa9,0.8829888945012074,0.6164002583578039,0.22448979591836735,11,49,550
B2_tuned,e5_base_v2,E5-base-v2,30,3,SoftmaxKNN,False,heldout_unselected_items_only_phase2_convention,train_inner_tuned_nested,5,0.1,0.40118048834964093,0.3880219170458113,0.41433905965347056,0.9386856002940902,1.1511220646641331,0.3173766233766234,0.9137142857142857,0.8324938554767939,0.7744426878953606,0.9477713763516198,0.6791909958515266,0.9386748269120144,0.834514748497463,0.8838196049252238,"0,5,13,16,17,18,19,23,29,31,34,36,37,38,42,43,59,60,66,70,72,73,74,79,82,83,88,92,96,98",7ceffde4e4dcacff,coverage_selector_embedding_specific,0.9548893850322285,0.8809807451335154,62099f7a34f67aa9,0.8829888945012074,0.6164002583578039,0.22448979591836735,11,49,550
B2_tuned,e5_base_v2,E5-base-v2,30,4,SoftmaxKNN,False,heldout_unselected_items_only_phase2_convention,train_inner_tuned_nested,5,0.1,0.41919115496112547,0.4070222422604228,0.43136006766182816,0.9383065136345775,1.1493895244501735,0.31459797033567527,0.9156908665105387,0.8708822021759415,0.7909177000995424,0.9449553074633661,0.6165534095286458,0.932554063262076,0.8311725365059143,0.8994215469447,"0,5,13,16,17,18,19,23,29,31,34,36,37,38,42,43,59,60,66,70,72,73,74,79,82,83,88,92,96,98",7ceffde4e4dcacff,coverage_selector_embedding_specific,0.9548893850322285,0.8809807451335154,62099f7a34f67aa9,0.8829888945012074,0.6164002583578039,0.22448979591836735,11,49,549
B2_tuned,minilm_l6_v2,MiniLM-L6-v2,30,0,SoftmaxKNN,False,heldout_unselected_items_only_phase2_convention,train_inner_tuned_nested,10,0.1,0.4058578113390245,0.39347911904135724,0.41823650363669174,0.9215386326002427,1.1623978848770247,0.34600000000000003,0.898,0.8518824854918962,0.9083387600333387,0.9264992410292258,0.760079673367968,0.9137330202920407,0.8721066360428938,0.9019601641752605,"2,5,10,11,12,16,18,23,27,28,38,40,43,44,56,57,59,60,62,65,67,68,70,73,78,79,88,91,94,97",bad524b73607dd87,coverage_selector_embedding_specific,0.8364934175915859,0.6002675741078065,62099f7a34f67aa9,0.8829888945012074,0.6164002583578039,0.2,10,50,550
B2_tuned,minilm_l6_v2,MiniLM-L6-v2,30,1,SoftmaxKNN,False,heldout_unselected_items_only_phase2_convention,train_inner_tuned_nested,5,0.1,0.4020875511304005,0.3892640062929608,0.4149110959678402,0.9279144351781242,1.185814270533359,0.35290909090909095,0.9071428571428571,0.8472345627881918,0.9115795326284228,0.9261640740675345,0.7159404634171589,0.9211390206892819,0.8644115307181179,0.9155167949941172,"2,5,10,11,12,16,18,23,27,28,38,40,43,44,56,57,59,60,62,65,67,68,70,73,78,79,88,91,94,97",bad524b73607dd87,coverage_selector_embedding_specific,0.8364934175915859,0.6002675741078065,62099f7a34f67aa9,0.8829888945012074,0.6164002583578039,0.2,10,50,550
B2_tuned,minilm_l6_v2,MiniLM-L6-v2,30,2,SoftmaxKNN,False,heldout_unselected_items_only_phase2_convention,train_inner_tuned_nested,5,0.1,0.40486317355318524,0.3927534809414038,0.4169728661649667,0.9194188876678949,1.1775764845732246,0.3564675324675325,0.8977922077922078,0.8777385915392598,0.9187020597811132,0.9248160055085599,0.7515337536177202,0.9190748246601655,0.8783730470213638,0.9146722486662785,"2,5,10,11,12,16,18,23,27,28,38,40,43,44,56,57,59,60,62,65,67,68,70,73,78,79,88,91,94,97",bad524b73607dd87,coverage_selector_embedding_specific,0.8364934175915859,0.6002675741078065,62099f7a34f67aa9,0.8829888945012074,0.6164002583578039,0.2,10,50,550
B2_tuned,minilm_l6_v2,MiniLM-L6-v2,30,3,SoftmaxKNN,False,heldout_unselected_items_only_phase2_convention,train_inner_tuned_nested,5,0.2,0.40375947527164335,0.3911463237943167,0.41637262674897,0.9278322211850725,1.1513881959703154,0.3328571428571429,0.9032987012987013,0.8545234287809202,0.9052749511729309,0.9198689619832259,0.7678361005501072,0.9111681887988073,0.8717343262571984,0.9077014395045953,"2,5,10,11,12,16,18,23,27,28,38,40,43,44,56,57,59,60,62,65,67,68,70,73,78,79,88,91,94,97",bad524b73607dd87,coverage_selector_embedding_specific,0.8364934175915859,0.6002675741078065,62099f7a34f67aa9,0.8829888945012074,0.6164002583578039,0.2,10,50,550
B2_tuned,minilm_l6_v2,MiniLM-L6-v2,30,4,SoftmaxKNN,False,heldout_unselected_items_only_phase2_convention,train_inner_tuned_nested,5,0.1,0.4168022938690568,0.4046203812355262,0.42898420650258745,0.9160142078616998,1.1743975361450711,0.3584699453551912,0.8932344522508457,0.8951367778611089,0.9032999074630464,0.9269755181282535,0.7401033348325876,0.9281768975425468,0.8787384871655087,0.918066767834541,"2,5,10,11,12,16,18,23,27,28,38,40,43,44,56,57,59,60,62,65,67,68,70,73,78,79,88,91,94,97",bad524b73607dd87,coverage_selector_embedding_specific,0.8364934175915859,0.6002675741078065,62099f7a34f67aa9,0.8829888945012074,0.6164002583578039,0.2,10,50,549
B2_tuned,mpnet_base_v2,MPNet-base-v2,30,0,SoftmaxKNN,False,heldout_unselected_items_only_phase2_convention,train_inner_tuned_nested,5,0.2,0.4350381110914862,0.4220243957938659,0.4480518263891065,0.9266119833360635,1.1778332544567514,0.35272727272727267,0.9037142857142857,0.8759845756241543,0.9343539203412816,0.9319235867626126,0.8585971767187403,0.802342822141716,0.8806404163177011,0.9104505596789316,"5,11,12,15,17,23,30,31,42,43,44,47,49,64,65,66,67,70,71,72,73,74,77,82,83,85,88,89,92,94",e516e4a7976f9b63,coverage_selector_embedding_specific,0.8436199980752908,0.5960513219837992,62099f7a34f67aa9,0.8829888945012074,0.6164002583578039,0.30434782608695654,14,46,550
B2_tuned,mpnet_base_v2,MPNet-base-v2,30,1,SoftmaxKNN,False,heldout_unselected_items_only_phase2_convention,train_inner_tuned_nested,5,0.2,0.4330585389833376,0.4196682265909172,0.44644885137575807,0.9296741591395418,1.1734917335282398,0.3478701298701299,0.9032207792207793,0.8824102151840397,0.931515881296191,0.903373252518683,0.839982386768358,0.8103101679860346,0.8735183807506612,0.9034764059091854,"5,11,12,15,17,23,30,31,42,43,44,47,49,64,65,66,67,70,71,72,73,74,77,82,83,85,88,89,92,94",e516e4a7976f9b63,coverage_selector_embedding_specific,0.8436199980752908,0.5960513219837992,62099f7a34f67aa9,0.8829888945012074,0.6164002583578039,0.30434782608695654,14,46,550
B2_tuned,mpnet_base_v2,MPNet-base-v2,30,2,SoftmaxKNN,False,heldout_unselected_items_only_phase2_convention,train_inner_tuned_nested,5,0.2,0.43713443918525646,0.4246603822884511,0.4496084960820618,0.9172614514122773,1.1634694584430032,0.35418181818181815,0.888987012987013,0.891860652639393,0.9337219167900795,0.9219807186795839,0.8717160441316207,0.7650878413881534,0.8768734347257661,0.9086860538916585,"5,11,12,15,17,23,30,31,42,43,44,47,49,64,65,66,67,70,71,72,73,74,77,82,83,85,88,89,92,94",e516e4a7976f9b63,coverage_selector_embedding_specific,0.8436199980752908,0.5960513219837992,62099f7a34f67aa9,0.8829888945012074,0.6164002583578039,0.30434782608695654,14,46,550
B2_tuned,mpnet_base_v2,MPNet-base-v2,30,3,SoftmaxKNN,False,heldout_unselected_items_only_phase2_convention,train_inner_tuned_nested,5,0.2,0.42738806676157315,0.41418207550308084,0.44059405802006546,0.923649682249623,1.1723250413971564,0.35187012987012983,0.8992987012987013,0.8812924553021991,0.9367274400124456,0.9179715254103014,0.8770814870852426,0.7761721551242314,0.8778490125868841,0.9090575825565473,"5,11,12,15,17,23,30,31,42,43,44,47,49,64,65,66,67,70,71,72,73,74,77,82,83,85,88,89,92,94",e516e4a7976f9b63,coverage_selector_embedding_specific,0.8436199980752908,0.5960513219837992,62099f7a34f67aa9,0.8829888945012074,0.6164002583578039,0.30434782608695654,14,46,550
B2_tuned,mpnet_base_v2,MPNet-base-v2,30,4,SoftmaxKNN,False,heldout_unselected_items_only_phase2_convention,train_inner_tuned_nested,5,0.2,0.4454336777725533,0.43262575106224055,0.4582416044828661,0.9210441946273816,1.1676838627884962,0.35225084569346865,0.8946656258131668,0.9070268712384951,0.9383802993440509,0.9232015604797653,0.8468943908492639,0.8061751205360217,0.8843356484895194,0.9225577802469924,"5,11,12,15,17,23,30,31,42,43,44,47,49,64,65,66,67,70,71,72,73,74,77,82,83,85,88,89,92,94",e516e4a7976f9b63,coverage_selector_embedding_specific,0.8436199980752908,0.5960513219837992,62099f7a34f67aa9,0.8829888945012074,0.6164002583578039,0.30434782608695654,14,46,549
B2_tuned,sbert_original,SBERT (original),30,0,SoftmaxKNN,False,heldout_unselected_items_only_phase2_convention,train_inner_tuned_nested,7,0.2,0.38576844765664936,0.3739393269490634,0.3975975683642353,0.9502123837903479,1.1809028461998519,0.32854545454545453,0.9209350649350649,0.8708500678578737,0.9143273869439696,0.8469130142735454,0.7886183606229702,0.8683882156987325,0.8578194090794182,0.8878319709808683,"4,7,8,12,20,23,25,28,29,35,36,40,41,42,43,45,47,48,49,50,59,66,67,73,77,80,83,86,88,94",1ce15da48f8052fb,coverage_selector_embedding_specific,0.8829888774252218,0.6177224169867237,62099f7a34f67aa9,0.8829888945012074,0.6164002583578039,0.9354838709677419,29,31,550
B2_tuned,sbert_original,SBERT (original),30,1,SoftmaxKNN,False,heldout_unselected_items_only_phase2_convention,train_inner_tuned_nested,7,0.2,0.3753607787466613,0.36287700992706867,0.3878445475662539,0.9617223418273368,1.1885443819605452,0.32075324675324673,0.9336623376623376,0.8546723234056398,0.9012946598556187,0.7939238813083201,0.7856138654049704,0.849356563521056,0.8369722586991211,0.8816034402832287,"4,7,8,12,20,23,25,28,29,35,36,40,41,42,43,45,47,48,49,50,59,66,67,73,77,80,83,86,88,94",1ce15da48f8052fb,coverage_selector_embedding_specific,0.8829888774252218,0.6177224169867237,62099f7a34f67aa9,0.8829888945012074,0.6164002583578039,0.9354838709677419,29,31,550
B2_tuned,sbert_original,SBERT (original),30,2,SoftmaxKNN,False,heldout_unselected_items_only_phase2_convention,train_inner_tuned_nested,7,0.2,0.3763955336198767,0.3646412343104867,0.38814983292926675,0.9501529501425114,1.1741949283207074,0.3237922077922078,0.9212467532467532,0.8910490527285276,0.9279713691002728,0.8280492424934701,0.7842239656847291,0.8627067974889806,0.8588000854991961,0.8903122932477903,"4,7,8,12,20,23,25,28,29,35,36,40,41,42,43,45,47,48,49,50,59,66,67,73,77,80,83,86,88,94",1ce15da48f8052fb,coverage_selector_embedding_specific,0.8829888774252218,0.6177224169867237,62099f7a34f67aa9,0.8829888945012074,0.6164002583578039,0.9354838709677419,29,31,550
B2_tuned,sbert_original,SBERT (original),30,3,SoftmaxKNN,False,heldout_unselected_items_only_phase2_convention,train_inner_tuned_nested,7,0.2,0.37330022806705415,0.3607007627813387,0.3858996933527696,0.9541883688189712,1.1817233997203311,0.3231948051948052,0.9272987012987013,0.8701209197958728,0.9143346597451366,0.8086023107652471,0.8103857899490428,0.8729198025099578,0.8552726965530514,0.8873702491761671,"4,7,8,12,20,23,25,28,29,35,36,40,41,42,43,45,47,48,49,50,59,66,67,73,77,80,83,86,88,94",1ce15da48f8052fb,coverage_selector_embedding_specific,0.8829888774252218,0.6177224169867237,62099f7a34f67aa9,0.8829888945012074,0.6164002583578039,0.9354838709677419,29,31,550
B2_tuned,sbert_original,SBERT (original),30,4,SoftmaxKNN,False,heldout_unselected_items_only_phase2_convention,train_inner_tuned_nested,7,0.2,0.3917834783570525,0.3802038249261642,0.4033631317879408,0.9523549901793606,1.176619981640135,0.3212334113973458,0.9261774655217279,0.8833336584054142,0.9119220295114161,0.8273897802009025,0.79494495516937,0.8670755897046988,0.8569332025983603,0.9035769663098941,"4,7,8,12,20,23,25,28,29,35,36,40,41,42,43,45,47,48,49,50,59,66,67,73,77,80,83,86,88,94",1ce15da48f8052fb,coverage_selector_embedding_specific,0.8829888774252218,0.6177224169867237,62099f7a34f67aa9,0.8829888945012074,0.6164002583578039,0.9354838709677419,29,31,549
B2_tuned,bge_base_en_v15,BGE-base-en-v1.5,50,0,SoftmaxKNN,False,heldout_unselected_items_only_phase2_convention,train_inner_tuned_nested,10,0.1,0.46631985184921965,0.45130035026966003,0.48133935342877926,0.8994158741269958,1.10699611353955,0.3384727272727273,0.8704727272727273,0.9527547422822442,0.9626105247552514,0.9586622166489063,0.9344869934580413,0.9214385495362042,0.9459906053361294,0.9249984760669195,"0,1,5,6,7,9,11,12,16,18,20,21,23,27,28,31,35,37,38,39,40,43,44,45,48,51,57,58,59,60,62,66,68,69,70,71,72,73,74,77,79,81,83,84,88,90,93,94,96,97",6eea9f717fd92763,coverage_selector_embedding_specific,0.9450588622917055,0.7713493584730263,d172a87b5a6e4875,0.930037828572538,0.6265620656816998,0.5151515151515151,34,66,550
B2_tuned,bge_base_en_v15,BGE-base-en-v1.5,50,1,SoftmaxKNN,False,heldout_unselected_items_only_phase2_convention,train_inner_tuned_nested,10,0.1,0.46279429353392454,0.4478448568959501,0.477743730171899,0.9007381649649463,1.1073109025357342,0.33643636363636364,0.8716363636363637,0.951325875090726,0.9565875503285882,0.9544138520594665,0.929289382082468,0.9244205592318808,0.9432074437586259,0.9318471691272722,"0,1,5,6,7,9,11,12,16,18,20,21,23,27,28,31,35,37,38,39,40,43,44,45,48,51,57,58,59,60,62,66,68,69,70,71,72,73,74,77,79,81,83,84,88,90,93,94,96,97",6eea9f717fd92763,coverage_selector_embedding_specific,0.9450588622917055,0.7713493584730263,d172a87b5a6e4875,0.930037828572538,0.6265620656816998,0.5151515151515151,34,66,550
B2_tuned,bge_base_en_v15,BGE-base-en-v1.5,50,2,SoftmaxKNN,False,heldout_unselected_items_only_phase2_convention,train_inner_tuned_nested,10,0.1,0.468038443491535,0.4536268564323939,0.4824500305506761,0.8889366098310486,1.0922600075837903,0.33941818181818184,0.8623272727272727,0.9640960215724632,0.9595775891305874,0.9595609018123546,0.9312078614195305,0.9271360315389262,0.9483156810947724,0.9341283299767482,"0,1,5,6,7,9,11,12,16,18,20,21,23,27,28,31,35,37,38,39,40,43,44,45,48,51,57,58,59,60,62,66,68,69,70,71,72,73,74,77,79,81,83,84,88,90,93,94,96,97",6eea9f717fd92763,coverage_selector_embedding_specific,0.9450588622917055,0.7713493584730263,d172a87b5a6e4875,0.930037828572538,0.6265620656816998,0.5151515151515151,34,66,550
B2_tuned,bge_base_en_v15,BGE-base-en-v1.5,50,3,SoftmaxKNN,False,heldout_unselected_items_only_phase2_convention,train_inner_tuned_nested,10,0.1,0.4557988418467283,0.4401367295649412,0.4714609541285154,0.8972219325243488,1.1016511388254366,0.3366909090909091,0.8677818181818182,0.9544040098996974,0.9589214333728916,0.9541009541622425,0.9337069747961315,0.9322435732002592,0.9466753890862446,0.9235931564174228,"0,1,5,6,7,9,11,12,16,18,20,21,23,27,28,31,35,37,38,39,40,43,44,45,48,51,57,58,59,60,62,66,68,69,70,71,72,73,74,77,79,81,83,84,88,90,93,94,96,97",6eea9f717fd92763,coverage_selector_embedding_specific,0.9450588622917055,0.7713493584730263,d172a87b5a6e4875,0.930037828572538,0.6265620656816998,0.5151515151515151,34,66,550
B2_tuned,bge_base_en_v15,BGE-base-en-v1.5,50,4,SoftmaxKNN,False,heldout_unselected_items_only_phase2_convention,train_inner_tuned_nested,10,0.1,0.47565165317658126,0.46086190396250704,0.4904414023906555,0.8917754780384091,1.095312056523566,0.3358834244080146,0.8654644808743169,0.9612482653568087,0.9579382272192005,0.9595223710448341,0.9207639288999258,0.9246976594441136,0.9448340903929765,0.9377272837101148,"0,1,5,6,7,9,11,12,16,18,20,21,23,27,28,31,35,37,38,39,40,43,44,45,48,51,57,58,59,60,62,66,68,69,70,71,72,73,74,77,79,81,83,84,88,90,93,94,96,97",6eea9f717fd92763,coverage_selector_embedding_specific,0.9450588622917055,0.7713493584730263,d172a87b5a6e4875,0.930037828572538,0.6265620656816998,0.5151515151515151,34,66,549
B2_tuned,e5_base_v2,E5-base-v2,50,0,SoftmaxKNN,False,heldout_unselected_items_only_phase2_convention,train_inner_tuned_nested,10,0.05,0.47068286921789604,0.4559472342066064,0.4854185042291857,0.9023347153396027,1.109683215103178,0.33236363636363636,0.8773818181818182,0.9148155804534,0.9835833686250776,0.9729535319404892,0.8416272052655125,0.9388217809040317,0.9303602934377022,0.9369771641823842,"0,4,5,7,8,13,14,16,17,18,19,20,21,23,27,29,31,34,36,37,38,42,43,44,47,57,58,59,60,62,66,70,71,72,73,74,77,79,82,83,87,88,89,90,92,93,95,96,97,98",5ae9976a061dca51,coverage_selector_embedding_specific,0.9715854519610145,0.8792839558638342,d172a87b5a6e4875,0.930037828572538,0.6265620656816998,0.4492753623188406,31,69,550
B2_tuned,e5_base_v2,E5-base-v2,50,1,SoftmaxKNN,False,heldout_unselected_items_only_phase2_convention,train_inner_tuned_nested,10,0.05,0.46494901499549673,0.44949426763775413,0.48040376235323934,0.9135422023974303,1.1214857184206077,0.3231636363636364,0.8913090909090909,0.9049923625516376,0.9812576552207953,0.9612212887826912,0.8094695627728565,0.9370646131292528,0.9188010964914467,0.9377786037635315,"0,4,5,7,8,13,14,16,17,18,19,20,21,23,27,29,31,34,36,37,38,42,43,44,47,57,58,59,60,62,66,70,71,72,73,74,77,79,82,83,87,88,89,90,92,93,95,96,97,98",5ae9976a061dca51,coverage_selector_embedding_specific,0.9715854519610145,0.8792839558638342,d172a87b5a6e4875,0.930037828572538,0.6265620656816998,0.4492753623188406,31,69,550
B2_tuned,e5_base_v2,E5-base-v2,50,2,SoftmaxKNN,False,heldout_unselected_items_only_phase2_convention,train_inner_tuned_nested,10,0.05,0.4664412181514344,0.45241954486190067,0.48046289144096815,0.8993381194833745,1.1059133182681402,0.33298181818181816,0.8755272727272727,0.9253345931546617,0.9805105773754753,0.9722206457255569,0.8399942143571144,0.9375450910642172,0.9311210243354051,0.9419259026137256,"0,4,5,7,8,13,14,16,17,18,19,20,21,23,27,29,31,34,36,37,38,42,43,44,47,57,58,59,60,62,66,70,71,72,73,74,77,79,82,83,87,88,89,90,92,93,95,96,97,98",5ae9976a061dca51,coverage_selector_embedding_specific,0.9715854519610145,0.8792839558638342,d172a87b5a6e4875,0.930037828572538,0.6265620656816998,0.4492753623188406,31,69,550
B2_tuned,e5_base_v2,E5-base-v2,50,3,SoftmaxKNN,False,heldout_unselected_items_only_phase2_convention,train_inner_tuned_nested,7,0.1,0.4527800774800205,0.4381017919233073,0.46745836303673377,0.9100991025240888,1.1151954672901714,0.32621818181818185,0.8829818181818182,0.907348406903939,0.9813288791132788,0.9676098034275125,0.8523401612626667,0.9455977435366935,0.9308449988488181,0.9365093147403946,"0,4,5,7,8,13,14,16,17,18,19,20,21,23,27,29,31,34,36,37,38,42,43,44,47,57,58,59,60,62,66,70,71,72,73,74,77,79,82,83,87,88,89,90,92,93,95,96,97,98",5ae9976a061dca51,coverage_selector_embedding_specific,0.9715854519610145,0.8792839558638342,d172a87b5a6e4875,0.930037828572538,0.6265620656816998,0.4492753623188406,31,69,550
B2_tuned,e5_base_v2,E5-base-v2,50,4,SoftmaxKNN,False,heldout_unselected_items_only_phase2_convention,train_inner_tuned_nested,7,0.1,0.474216546603735,0.4608348003973528,0.48759829281011724,0.9081609168608592,1.1089307920790026,0.32320582877959925,0.8800364298724954,0.929093770403218,0.9807204628881889,0.966650204990691,0.8363865442569063,0.9415191517357245,0.9308740268549458,0.9487152200709535,"0,4,5,7,8,13,14,16,17,18,19,20,21,23,27,29,31,34,36,37,38,42,43,44,47,57,58,59,60,62,66,70,71,72,73,74,77,79,82,83,87,88,89,90,92,93,95,96,97,98",5ae9976a061dca51,coverage_selector_embedding_specific,0.9715854519610145,0.8792839558638342,d172a87b5a6e4875,0.930037828572538,0.6265620656816998,0.4492753623188406,31,69,549
B2_tuned,minilm_l6_v2,MiniLM-L6-v2,50,0,SoftmaxKNN,False,heldout_unselected_items_only_phase2_convention,train_inner_tuned_nested,5,0.2,0.46406480017330215,0.450110864513262,0.4780187358333423,0.8894243222365775,1.1134194883368433,0.3573818181818182,0.8617090909090909,0.9450512206520326,0.9695364613250049,0.9546458579286994,0.8916617158357806,0.9444170318622463,0.9410624575207528,0.9450519722553078,"0,1,2,5,6,7,10,11,12,14,15,16,18,19,20,22,23,27,28,38,40,43,44,51,52,56,57,59,60,62,65,66,67,68,70,71,73,74,77,78,79,81,83,88,89,91,93,94,97,98",61a3f94b6fb57ce0,coverage_selector_embedding_specific,0.8968412566750569,0.5915875000439267,d172a87b5a6e4875,0.930037828572538,0.6265620656816998,0.3333333333333333,25,75,550
B2_tuned,minilm_l6_v2,MiniLM-L6-v2,50,1,SoftmaxKNN,False,heldout_unselected_items_only_phase2_convention,train_inner_tuned_nested,5,0.2,0.46427186191761133,0.45056731919879434,0.4779764046364283,0.8917230162675016,1.1134030267586323,0.35203636363636365,0.863890909090909,0.9519241414867817,0.9670696649237416,0.9543003004300319,0.8617071619911614,0.9454110577326884,0.9360824653128809,0.951348513865486,"0,1,2,5,6,7,10,11,12,14,15,16,18,19,20,22,23,27,28,38,40,43,44,51,52,56,57,59,60,62,65,66,67,68,70,71,73,74,77,78,79,81,83,88,89,91,93,94,97,98",61a3f94b6fb57ce0,coverage_selector_embedding_specific,0.8968412566750569,0.5915875000439267,d172a87b5a6e4875,0.930037828572538,0.6265620656816998,0.3333333333333333,25,75,550
B2_tuned,minilm_l6_v2,MiniLM-L6-v2,50,2,SoftmaxKNN,False,heldout_unselected_items_only_phase2_convention,train_inner_tuned_nested,7,0.2,0.46328473594424113,0.4500609259830906,0.47650854590539166,0.8879954802850392,1.0971045612003425,0.3478545454545454,0.8564363636363637,0.9618318138581462,0.9684748185807338,0.953477088298166,0.879407526311651,0.9409850345103786,0.9408352563118152,0.9482831648422249,"0,1,2,5,6,7,10,11,12,14,15,16,18,19,20,22,23,27,28,38,40,43,44,51,52,56,57,59,60,62,65,66,67,68,70,71,73,74,77,78,79,81,83,88,89,91,93,94,97,98",61a3f94b6fb57ce0,coverage_selector_embedding_specific,0.8968412566750569,0.5915875000439267,d172a87b5a6e4875,0.930037828572538,0.6265620656816998,0.3333333333333333,25,75,550
B2_tuned,minilm_l6_v2,MiniLM-L6-v2,50,3,SoftmaxKNN,False,heldout_unselected_items_only_phase2_convention,train_inner_tuned_nested,5,0.2,0.4599162737795167,0.4458070249182262,0.4740255226408072,0.8875801320970943,1.110171941784879,0.3534181818181818,0.8630545454545454,0.9496067878218646,0.9658514473767474,0.94553469471449,0.8936396923557296,0.9496142818201995,0.9408493808178061,0.9426989548520525,"0,1,2,5,6,7,10,11,12,14,15,16,18,19,20,22,23,27,28,38,40,43,44,51,52,56,57,59,60,62,65,66,67,68,70,71,73,74,77,78,79,81,83,88,89,91,93,94,97,98",61a3f94b6fb57ce0,coverage_selector_embedding_specific,0.8968412566750569,0.5915875000439267,d172a87b5a6e4875,0.930037828572538,0.6265620656816998,0.3333333333333333,25,75,550
B2_tuned,minilm_l6_v2,MiniLM-L6-v2,50,4,SoftmaxKNN,False,heldout_unselected_items_only_phase2_convention,train_inner_tuned_nested,5,0.2,0.4744488885030011,0.4614221395292067,0.4874756374767955,0.8842378832482961,1.1044791420197908,0.3535154826958105,0.8566848816029143,0.956700095926687,0.9646911663425581,0.9555413461400937,0.8844166275062437,0.9489372180267253,0.9420572907884616,0.9555330622494225,"0,1,2,5,6,7,10,11,12,14,15,16,18,19,20,22,23,27,28,38,40,43,44,51,52,56,57,59,60,62,65,66,67,68,70,71,73,74,77,78,79,81,83,88,89,91,93,94,97,98",61a3f94b6fb57ce0,coverage_selector_embedding_specific,0.8968412566750569,0.5915875000439267,d172a87b5a6e4875,0.930037828572538,0.6265620656816998,0.3333333333333333,25,75,549
B2_tuned,mpnet_base_v2,MPNet-base-v2,50,0,SoftmaxKNN,False,heldout_unselected_items_only_phase2_convention,train_inner_tuned_nested,5,0.2,0.4906132189240835,0.47722681247393484,0.5039996253742322,0.8895708613770074,1.132082582252831,0.3663272727272727,0.8668727272727272,0.9011409727071873,0.9825740790935251,0.9647369826493488,0.9440152143629743,0.9066054325208467,0.9398145362667766,0.9557317092701797,"4,5,7,8,11,12,14,15,17,19,20,22,23,25,27,29,30,31,32,38,42,43,44,47,49,51,55,58,60,61,64,65,66,67,69,70,71,72,73,74,77,79,82,83,85,88,89,92,94,97",45bb1bb1246fbfc6,coverage_selector_embedding_specific,0.9029412441915747,0.5916511048942492,d172a87b5a6e4875,0.930037828572538,0.6265620656816998,0.4084507042253521,29,71,550
B2_tuned,mpnet_base_v2,MPNet-base-v2,50,1,SoftmaxKNN,False,heldout_unselected_items_only_phase2_convention,train_inner_tuned_nested,5,0.2,0.4826298570493557,0.4689649160988599,0.4962947979998515,0.9017797580610147,1.1380992675507131,0.3556727272727273,0.8751636363636364,0.9016029388632263,0.9793269386067115,0.9505012317110839,0.933234560750863,0.9116315069503198,0.935259435376441,0.9516435030179857,"4,5,7,8,11,12,14,15,17,19,20,22,23,25,27,29,30,31,32,38,42,43,44,47,49,51,55,58,60,61,64,65,66,67,69,70,71,72,73,74,77,79,82,83,85,88,89,92,94,97",45bb1bb1246fbfc6,coverage_selector_embedding_specific,0.9029412441915747,0.5916511048942492,d172a87b5a6e4875,0.930037828572538,0.6265620656816998,0.4084507042253521,29,71,550
B2_tuned,mpnet_base_v2,MPNet-base-v2,50,2,SoftmaxKNN,False,heldout_unselected_items_only_phase2_convention,train_inner_tuned_nested,5,0.2,0.48770226064624395,0.47480949232715325,0.5005950289653346,0.8876396081672644,1.1247035470782971,0.3630545454545454,0.8621454545454545,0.9187299655942613,0.9812192446379238,0.957947668338889,0.9447294739916102,0.8981239325388787,0.9401500570203126,0.9514899001030781,"4,5,7,8,11,12,14,15,17,19,20,22,23,25,27,29,30,31,32,38,42,43,44,47,49,51,55,58,60,61,64,65,66,67,69,70,71,72,73,74,77,79,82,83,85,88,89,92,94,97",45bb1bb1246fbfc6,coverage_selector_embedding_specific,0.9029412441915747,0.5916511048942492,d172a87b5a6e4875,0.930037828572538,0.6265620656816998,0.4084507042253521,29,71,550
B2_tuned,mpnet_base_v2,MPNet-base-v2,50,3,SoftmaxKNN,False,heldout_unselected_items_only_phase2_convention,train_inner_tuned_nested,5,0.2,0.4798455372017905,0.4661772850556633,0.49351378934791773,0.8911052381538193,1.135200990696524,0.3689818181818182,0.8624727272727273,0.9078850571431238,0.9823744614079357,0.9557087929457163,0.9489899735637375,0.8902403518030496,0.9370397273727125,0.9542497444775947,"4,5,7,8,11,12,14,15,17,19,20,22,23,25,27,29,30,31,32,38,42,43,44,47,49,51,55,58,60,61,64,65,66,67,69,70,71,72,73,74,77,79,82,83,85,88,89,92,94,97",45bb1bb1246fbfc6,coverage_selector_embedding_specific,0.9029412441915747,0.5916511048942492,d172a87b5a6e4875,0.930037828572538,0.6265620656816998,0.4084507042253521,29,71,550
B2_tuned,mpnet_base_v2,MPNet-base-v2,50,4,SoftmaxKNN,False,heldout_unselected_items_only_phase2_convention,train_inner_tuned_nested,5,0.2,0.4982181846864046,0.4844888964559164,0.5119474729168928,0.8858062408393416,1.1246318870459502,0.36455373406193076,0.8612386156648452,0.9237570046093172,0.9804251776370576,0.9616329942142475,0.9423269774405112,0.9045738330217072,0.9425431973845683,0.9590461102732556,"4,5,7,8,11,12,14,15,17,19,20,22,23,25,27,29,30,31,32,38,42,43,44,47,49,51,55,58,60,61,64,65,66,67,69,70,71,72,73,74,77,79,82,83,85,88,89,92,94,97",45bb1bb1246fbfc6,coverage_selector_embedding_specific,0.9029412441915747,0.5916511048942492,d172a87b5a6e4875,0.930037828572538,0.6265620656816998,0.4084507042253521,29,71,549
B2_tuned,sbert_original,SBERT (original),50,0,SoftmaxKNN,False,heldout_unselected_items_only_phase2_convention,train_inner_tuned_nested,10,0.2,0.44132809945630913,0.4280332099889595,0.45462298892365877,0.9127577120118399,1.1127483035605603,0.32181818181818184,0.8864363636363637,0.9303298126823465,0.9409506335605338,0.9681724803418529,0.9253825821781522,0.9412634225044558,0.9412197862534682,0.950817395806946,"0,4,5,7,8,9,12,13,20,21,22,23,25,27,28,29,31,35,36,40,41,42,43,44,45,47,48,49,50,51,52,58,59,62,66,67,69,71,73,77,79,80,83,86,88,90,93,94,96,98",6e6167ebfe199350,coverage_selector_embedding_specific,0.9300378527369638,0.6262648127738439,d172a87b5a6e4875,0.930037828572538,0.6265620656816998,0.9230769230769231,48,52,550
B2_tuned,sbert_original,SBERT (original),50,1,SoftmaxKNN,False,heldout_unselected_items_only_phase2_convention,train_inner_tuned_nested,10,0.2,0.4312354671319361,0.41757794055313563,0.4448929937107366,0.9232208520080634,1.1216972003221404,0.31574545454545455,0.8989090909090909,0.9128423608010061,0.9337602292454649,0.9624908683646546,0.9291787979109986,0.9326932900187749,0.9341931092681799,0.95212701803789,"0,4,5,7,8,9,12,13,20,21,22,23,25,27,28,29,31,35,36,40,41,42,43,44,45,47,48,49,50,51,52,58,59,62,66,67,69,71,73,77,79,80,83,86,88,90,93,94,96,98",6e6167ebfe199350,coverage_selector_embedding_specific,0.9300378527369638,0.6262648127738439,d172a87b5a6e4875,0.930037828572538,0.6265620656816998,0.9230769230769231,48,52,550
B2_tuned,sbert_original,SBERT (original),50,2,SoftmaxKNN,False,heldout_unselected_items_only_phase2_convention,train_inner_tuned_nested,10,0.2,0.43414337965701766,0.42145872422291036,0.44682803509112495,0.91175917408255,1.108935958844726,0.3189818181818182,0.8869818181818182,0.9355200990530333,0.9503561784367959,0.9630076338899035,0.929416874208499,0.9415353969538789,0.9439672365084222,0.9562905382088428,"0,4,5,7,8,9,12,13,20,21,22,23,25,27,28,29,31,35,36,40,41,42,43,44,45,47,48,49,50,51,52,58,59,62,66,67,69,71,73,77,79,80,83,86,88,90,93,94,96,98",6e6167ebfe199350,coverage_selector_embedding_specific,0.9300378527369638,0.6262648127738439,d172a87b5a6e4875,0.930037828572538,0.6265620656816998,0.9230769230769231,48,52,550
B2_tuned,sbert_original,SBERT (original),50,3,SoftmaxKNN,False,heldout_unselected_items_only_phase2_convention,train_inner_tuned_nested,10,0.2,0.4359741603889396,0.42259477491107866,0.44935354586680054,0.9103497343794771,1.1089992465410892,0.3198181818181818,0.8836,0.9241124850071415,0.93631820124785,0.9579312091803595,0.9405881837324068,0.9397017918429137,0.9397303742021343,0.9522498845585381,"0,4,5,7,8,9,12,13,20,21,22,23,25,27,28,29,31,35,36,40,41,42,43,44,45,47,48,49,50,51,52,58,59,62,66,67,69,71,73,77,79,80,83,86,88,90,93,94,96,98",6e6167ebfe199350,coverage_selector_embedding_specific,0.9300378527369638,0.6262648127738439,d172a87b5a6e4875,0.930037828572538,0.6265620656816998,0.9230769230769231,48,52,550
B2_tuned,sbert_original,SBERT (original),50,4,SoftmaxKNN,False,heldout_unselected_items_only_phase2_convention,train_inner_tuned_nested,10,0.2,0.4480770674366077,0.4354826611837419,0.4606714736894735,0.9149552874309305,1.1119893281764646,0.3163570127504554,0.887832422586521,0.9400127707925445,0.939655751558745,0.9662361405443128,0.9320608693933918,0.937143884120542,0.9430218832819073,0.9608370953763159,"0,4,5,7,8,9,12,13,20,21,22,23,25,27,28,29,31,35,36,40,41,42,43,44,45,47,48,49,50,51,52,58,59,62,66,67,69,71,73,77,79,80,83,86,88,90,93,94,96,98",6e6167ebfe199350,coverage_selector_embedding_specific,0.9300378527369638,0.6262648127738439,d172a87b5a6e4875,0.930037828572538,0.6265620656816998,0.9230769230769231,48,52,549
B2_tuned,bge_base_en_v15,BGE-base-en-v1.5,90,0,SoftmaxKNN,False,heldout_unselected_items_only_phase2_convention,train_inner_tuned_nested,15,0.1,0.5993078837179981,0.572666577938487,0.6259491894975093,0.7564812649533333,0.9258293959478126,0.39836363636363636,0.726909090909091,0.9815372615097442,0.9960658705039745,0.9986015220017911,1.0,0.9933426931414799,0.9939094694313979,0.9946101893988748,"0,1,2,3,4,5,6,7,8,9,10,11,12,13,14,15,16,17,18,19,20,21,22,23,24,25,26,27,28,29,30,31,32,35,37,38,39,40,41,42,43,44,45,47,48,49,51,52,55,56,57,58,59,60,61,62,63,64,65,66,67,68,69,70,71,72,73,74,75,77,78,79,81,83,84,85,86,87,88,89,90,91,92,93,94,95,96,97,98,99",d1c9629104d4613e,coverage_selector_embedding_specific,0.9928619934664096,0.7775689665349799,e4aca0f6b9e84075,0.9945457838532562,0.628319119336572,0.8947368421052632,85,95,550
B2_tuned,bge_base_en_v15,BGE-base-en-v1.5,90,1,SoftmaxKNN,False,heldout_unselected_items_only_phase2_convention,train_inner_tuned_nested,15,0.1,0.5849476523425826,0.5591197162245811,0.6107755884605841,0.7664228802254673,0.9359859487866184,0.3949090909090909,0.730909090909091,0.9803888186662528,0.9958774523765773,0.9982630318209149,1.0,0.9934883529006846,0.993603531152886,0.9955941461407034,"0,1,2,3,4,5,6,7,8,9,10,11,12,13,14,15,16,17,18,19,20,21,22,23,24,25,26,27,28,29,30,31,32,35,37,38,39,40,41,42,43,44,45,47,48,49,51,52,55,56,57,58,59,60,61,62,63,64,65,66,67,68,69,70,71,72,73,74,75,77,78,79,81,83,84,85,86,87,88,89,90,91,92,93,94,95,96,97,98,99",d1c9629104d4613e,coverage_selector_embedding_specific,0.9928619934664096,0.7775689665349799,e4aca0f6b9e84075,0.9945457838532562,0.628319119336572,0.8947368421052632,85,95,550
B2_tuned,bge_base_en_v15,BGE-base-en-v1.5,90,2,SoftmaxKNN,False,heldout_unselected_items_only_phase2_convention,train_inner_tuned_nested,15,0.1,0.6048743931765206,0.5800631189291576,0.6296856674238835,0.7500914376835356,0.9150581457408038,0.40854545454545454,0.7172727272727273,0.9844346941494416,0.9960924870936206,0.9983684966614699,0.9999999999999999,0.9932886770356838,0.9944368709880432,0.9954308458824951,"0,1,2,3,4,5,6,7,8,9,10,11,12,13,14,15,16,17,18,19,20,21,22,23,24,25,26,27,28,29,30,31,32,35,37,38,39,40,41,42,43,44,45,47,48,49,51,52,55,56,57,58,59,60,61,62,63,64,65,66,67,68,69,70,71,72,73,74,75,77,78,79,81,83,84,85,86,87,88,89,90,91,92,93,94,95,96,97,98,99",d1c9629104d4613e,coverage_selector_embedding_specific,0.9928619934664096,0.7775689665349799,e4aca0f6b9e84075,0.9945457838532562,0.628319119336572,0.8947368421052632,85,95,550
B2_tuned,bge_base_en_v15,BGE-base-en-v1.5,90,3,SoftmaxKNN,False,heldout_unselected_items_only_phase2_convention,train_inner_tuned_nested,15,0.1,0.5861290127718295,0.5598365600399304,0.6124214655037286,0.749527531429544,0.9226967808699076,0.4127272727272727,0.7129090909090909,0.9819195492820165,0.9959025901088667,0.9983520659586507,1.0,0.9933285482359254,0.9939005507170918,0.994867612273799,"0,1,2,3,4,5,6,7,8,9,10,11,12,13,14,15,16,17,18,19,20,21,22,23,24,25,26,27,28,29,30,31,32,35,37,38,39,40,41,42,43,44,45,47,48,49,51,52,55,56,57,58,59,60,61,62,63,64,65,66,67,68,69,70,71,72,73,74,75,77,78,79,81,83,84,85,86,87,88,89,90,91,92,93,94,95,96,97,98,99",d1c9629104d4613e,coverage_selector_embedding_specific,0.9928619934664096,0.7775689665349799,e4aca0f6b9e84075,0.9945457838532562,0.628319119336572,0.8947368421052632,85,95,550
B2_tuned,bge_base_en_v15,BGE-base-en-v1.5,90,4,SoftmaxKNN,False,heldout_unselected_items_only_phase2_convention,train_inner_tuned_nested,15,0.1,0.6072907227710821,0.5826470751002056,0.6319343704419585,0.74734054727272,0.9140679020220976,0.40765027322404374,0.7165755919854281,0.9828924497691249,0.9957711641894987,0.9984785528467784,0.9999999999999998,0.9929882236699363,0.9940260780950677,0.9957323652273137,"0,1,2,3,4,5,6,7,8,9,10,11,12,13,14,15,16,17,18,19,20,21,22,23,24,25,26,27,28,29,30,31,32,35,37,38,39,40,41,42,43,44,45,47,48,49,51,52,55,56,57,58,59,60,61,62,63,64,65,66,67,68,69,70,71,72,73,74,75,77,78,79,81,83,84,85,86,87,88,89,90,91,92,93,94,95,96,97,98,99",d1c9629104d4613e,coverage_selector_embedding_specific,0.9928619934664096,0.7775689665349799,e4aca0f6b9e84075,0.9945457838532562,0.628319119336572,0.8947368421052632,85,95,549
B2_tuned,e5_base_v2,E5-base-v2,90,0,SoftmaxKNN,False,heldout_unselected_items_only_phase2_convention,train_inner_tuned_nested,10,0.1,0.5528893645295756,0.5320666311065405,0.5737120979526107,0.8256747981005068,1.0100640638905414,0.36600000000000005,0.7969090909090909,0.9860161772676534,0.9942791372418237,0.9982549206545712,0.9977081179592556,0.9951180572546345,0.9942752820755878,0.9944804423873931,"0,1,2,4,5,6,7,8,9,12,13,14,15,16,17,18,19,20,21,22,23,24,25,26,27,28,29,30,31,32,33,34,36,37,38,39,40,41,42,43,44,45,46,47,49,51,52,53,55,56,57,58,59,60,61,62,63,64,65,66,68,69,70,71,72,73,74,75,76,77,78,79,81,82,83,84,85,86,87,88,89,90,91,92,93,95,96,97,98,99",4ab1827017a9d4a9,coverage_selector_embedding_specific,0.9963119330337014,0.8834642611020297,e4aca0f6b9e84075,0.9945457838532562,0.628319119336572,0.8181818181818182,81,99,550
B2_tuned,e5_base_v2,E5-base-v2,90,1,SoftmaxKNN,False,heldout_unselected_items_only_phase2_convention,train_inner_tuned_nested,15,0.05,0.5410976768893079,0.5190010251891822,0.5631943285894335,0.7997930274150171,1.0035771919849292,0.4043636363636363,0.7692727272727272,0.9860269166522985,0.9936117472488075,0.9980766081034272,0.9977992111331239,0.9946468132691572,0.994032259281363,0.9953028348115806,"0,1,2,4,5,6,7,8,9,12,13,14,15,16,17,18,19,20,21,22,23,24,25,26,27,28,29,30,31,32,33,34,36,37,38,39,40,41,42,43,44,45,46,47,49,51,52,53,55,56,57,58,59,60,61,62,63,64,65,66,68,69,70,71,72,73,74,75,76,77,78,79,81,82,83,84,85,86,87,88,89,90,91,92,93,95,96,97,98,99",4ab1827017a9d4a9,coverage_selector_embedding_specific,0.9963119330337014,0.8834642611020297,e4aca0f6b9e84075,0.9945457838532562,0.628319119336572,0.8181818181818182,81,99,550
B2_tuned,e5_base_v2,E5-base-v2,90,2,SoftmaxKNN,False,heldout_unselected_items_only_phase2_convention,train_inner_tuned_nested,10,0.1,0.5325601882358192,0.5108026591925409,0.5543177172790975,0.8041418464297052,0.9938426083966448,0.3912727272727273,0.77,0.9876529307294789,0.9934782054404496,0.9982136270300926,0.9979686546273903,0.9947667180987444,0.9944160271852311,0.9947582370709928,"0,1,2,4,5,6,7,8,9,12,13,14,15,16,17,18,19,20,21,22,23,24,25,26,27,28,29,30,31,32,33,34,36,37,38,39,40,41,42,43,44,45,46,47,49,51,52,53,55,56,57,58,59,60,61,62,63,64,65,66,68,69,70,71,72,73,74,75,76,77,78,79,81,82,83,84,85,86,87,88,89,90,91,92,93,95,96,97,98,99",4ab1827017a9d4a9,coverage_selector_embedding_specific,0.9963119330337014,0.8834642611020297,e4aca0f6b9e84075,0.9945457838532562,0.628319119336572,0.8181818181818182,81,99,550
B2_tuned,e5_base_v2,E5-base-v2,90,3,SoftmaxKNN,False,heldout_unselected_items_only_phase2_convention,train_inner_tuned_nested,10,0.1,0.5313129209057995,0.5085541320658777,0.5540717097457213,0.8023888906523051,0.9908791929445451,0.39036363636363636,0.7694545454545455,0.9859629759414479,0.9942962556139469,0.9980114536693181,0.9980164587540431,0.9947593138429531,0.9942092915643418,0.9948448518206732,"0,1,2,4,5,6,7,8,9,12,13,14,15,16,17,18,19,20,21,22,23,24,25,26,27,28,29,30,31,32,33,34,36,37,38,39,40,41,42,43,44,45,46,47,49,51,52,53,55,56,57,58,59,60,61,62,63,64,65,66,68,69,70,71,72,73,74,75,76,77,78,79,81,82,83,84,85,86,87,88,89,90,91,92,93,95,96,97,98,99",4ab1827017a9d4a9,coverage_selector_embedding_specific,0.9963119330337014,0.8834642611020297,e4aca0f6b9e84075,0.9945457838532562,0.628319119336572,0.8181818181818182,81,99,550
B2_tuned,e5_base_v2,E5-base-v2,90,4,SoftmaxKNN,False,heldout_unselected_items_only_phase2_convention,train_inner_tuned_nested,15,0.1,0.536976916539219,0.5160962973520516,0.5578575357263863,0.8341213039190563,1.0067507268033808,0.356648451730419,0.8001821493624772,0.9873808224949093,0.9938530673104508,0.9980348318088725,0.997840849669442,0.9948396817620098,0.9943898506091369,0.9956348776171559,"0,1,2,4,5,6,7,8,9,12,13,14,15,16,17,18,19,20,21,22,23,24,25,26,27,28,29,30,31,32,33,34,36,37,38,39,40,41,42,43,44,45,46,47,49,51,52,53,55,56,57,58,59,60,61,62,63,64,65,66,68,69,70,71,72,73,74,75,76,77,78,79,81,82,83,84,85,86,87,88,89,90,91,92,93,95,96,97,98,99",4ab1827017a9d4a9,coverage_selector_embedding_specific,0.9963119330337014,0.8834642611020297,e4aca0f6b9e84075,0.9945457838532562,0.628319119336572,0.8181818181818182,81,99,549
B2_tuned,minilm_l6_v2,MiniLM-L6-v2,90,0,SoftmaxKNN,False,heldout_unselected_items_only_phase2_convention,train_inner_tuned_nested,10,0.2,0.5306055827906324,0.5061374696069926,0.5550736959742723,0.7687869936080866,0.973870759228893,0.43509090909090914,0.734909090909091,0.9812169358891074,0.9969290017494882,0.9956698757526287,0.9944740890324504,0.998136405432302,0.9932852615711953,0.9946631849127862,"0,1,2,3,4,5,6,7,8,9,10,11,12,13,14,15,16,17,18,19,20,21,22,23,24,25,26,27,28,29,30,32,35,38,39,40,41,42,43,44,45,46,47,48,49,51,52,53,54,55,56,57,59,60,61,62,64,65,66,67,68,69,70,71,72,73,74,75,76,77,78,79,81,83,84,85,86,87,88,89,90,91,92,93,94,95,96,97,98,99",4554bd3645a8b3db,coverage_selector_embedding_specific,0.9877861496887302,0.5982106601820508,e4aca0f6b9e84075,0.9945457838532562,0.628319119336572,0.8556701030927835,83,97,550
B2_tuned,minilm_l6_v2,MiniLM-L6-v2,90,1,SoftmaxKNN,False,heldout_unselected_items_only_phase2_convention,train_inner_tuned_nested,10,0.2,0.5127493105889711,0.48705741877306746,0.5384412024048747,0.7832070700828364,0.989155348569874,0.4189090909090909,0.7512727272727273,0.9809519108184956,0.9965319453044904,0.995039769962816,0.9942752923776055,0.9979343431999806,0.9929466523326775,0.9950623000796135,"0,1,2,3,4,5,6,7,8,9,10,11,12,13,14,15,16,17,18,19,20,21,22,23,24,25,26,27,28,29,30,32,35,38,39,40,41,42,43,44,45,46,47,48,49,51,52,53,54,55,56,57,59,60,61,62,64,65,66,67,68,69,70,71,72,73,74,75,76,77,78,79,81,83,84,85,86,87,88,89,90,91,92,93,94,95,96,97,98,99",4554bd3645a8b3db,coverage_selector_embedding_specific,0.9877861496887302,0.5982106601820508,e4aca0f6b9e84075,0.9945457838532562,0.628319119336572,0.8556701030927835,83,97,550
B2_tuned,minilm_l6_v2,MiniLM-L6-v2,90,2,SoftmaxKNN,False,heldout_unselected_items_only_phase2_convention,train_inner_tuned_nested,15,0.2,0.5352553619099295,0.5108800956052469,0.5596306282146121,0.7808930960688903,0.9658044516936659,0.4034545454545454,0.7472727272727273,0.9842546809541001,0.9965408178083893,0.9957374333216207,0.9948976341183612,0.9984004046758851,0.9939661941756712,0.9955505467752113,"0,1,2,3,4,5,6,7,8,9,10,11,12,13,14,15,16,17,18,19,20,21,22,23,24,25,26,27,28,29,30,32,35,38,39,40,41,42,43,44,45,46,47,48,49,51,52,53,54,55,56,57,59,60,61,62,64,65,66,67,68,69,70,71,72,73,74,75,76,77,78,79,81,83,84,85,86,87,88,89,90,91,92,93,94,95,96,97,98,99",4554bd3645a8b3db,coverage_selector_embedding_specific,0.9877861496887302,0.5982106601820508,e4aca0f6b9e84075,0.9945457838532562,0.628319119336572,0.8556701030927835,83,97,550
B2_tuned,minilm_l6_v2,MiniLM-L6-v2,90,3,SoftmaxKNN,False,heldout_unselected_items_only_phase2_convention,train_inner_tuned_nested,15,0.2,0.5324052925059192,0.5075970349706138,0.5572135500412245,0.7768473790334538,0.973360105134558,0.41727272727272735,0.7443636363636363,0.981604724857581,0.9969783387339014,0.9948621371621049,0.9958962845682655,0.9978796970589384,0.9934442364761582,0.9949709510590113,"0,1,2,3,4,5,6,7,8,9,10,11,12,13,14,15,16,17,18,19,20,21,22,23,24,25,26,27,28,29,30,32,35,38,39,40,41,42,43,44,45,46,47,48,49,51,52,53,54,55,56,57,59,60,61,62,64,65,66,67,68,69,70,71,72,73,74,75,76,77,78,79,81,83,84,85,86,87,88,89,90,91,92,93,94,95,96,97,98,99",4554bd3645a8b3db,coverage_selector_embedding_specific,0.9877861496887302,0.5982106601820508,e4aca0f6b9e84075,0.9945457838532562,0.628319119336572,0.8556701030927835,83,97,550
B2_tuned,minilm_l6_v2,MiniLM-L6-v2,90,4,SoftmaxKNN,False,heldout_unselected_items_only_phase2_convention,train_inner_tuned_nested,15,0.2,0.5383305837472828,0.5128429449653493,0.5638182225292163,0.7774971749942999,0.9653563978939071,0.4107468123861566,0.7438979963570127,0.9840825917337618,0.9964714832699454,0.9957537181804074,0.9948729636656979,0.9981550321837388,0.9938671578067103,0.9957122760573168,"0,1,2,3,4,5,6,7,8,9,10,11,12,13,14,15,16,17,18,19,20,21,22,23,24,25,26,27,28,29,30,32,35,38,39,40,41,42,43,44,45,46,47,48,49,51,52,53,54,55,56,57,59,60,61,62,64,65,66,67,68,69,70,71,72,73,74,75,76,77,78,79,81,83,84,85,86,87,88,89,90,91,92,93,94,95,96,97,98,99",4554bd3645a8b3db,coverage_selector_embedding_specific,0.9877861496887302,0.5982106601820508,e4aca0f6b9e84075,0.9945457838532562,0.628319119336572,0.8556701030927835,83,97,549
B2_tuned,mpnet_base_v2,MPNet-base-v2,90,0,SoftmaxKNN,False,heldout_unselected_items_only_phase2_convention,train_inner_tuned_nested,7,0.2,0.6040240650270488,0.5790039506402418,0.6290441794138557,0.7051391166566054,0.9083740300332735,0.47872727272727267,0.6632727272727272,0.986715783914831,0.9960062132509383,0.9981059392123328,0.9941827055012049,0.9952217307617679,0.9940464745282149,0.994788289002321,"0,1,2,3,4,5,6,7,8,9,10,11,12,13,14,15,16,17,18,19,20,21,22,23,24,25,26,27,28,29,30,31,32,37,38,39,40,41,42,43,44,45,46,47,49,51,52,53,55,56,57,58,59,60,61,62,63,64,65,66,67,68,69,70,71,72,73,74,75,77,78,79,81,82,83,84,85,86,87,88,89,90,91,92,93,94,96,97,98,99",e89eefa9a454e390,coverage_selector_embedding_specific,0.9885860509311314,0.5988157803735272,e4aca0f6b9e84075,0.9945457838532562,0.628319119336572,0.875,84,96,550
B2_tuned,mpnet_base_v2,MPNet-base-v2,90,1,SoftmaxKNN,False,heldout_unselected_items_only_phase2_convention,train_inner_tuned_nested,7,0.2,0.5913465573254802,0.5663873907238308,0.6163057239271297,0.7146737008027385,0.9266387795882853,0.4785454545454546,0.6665454545454546,0.9850126593851619,0.9956856742554293,0.9979101762054748,0.9946459625994525,0.9954128221949458,0.9937334589280928,0.995304874258408,"0,1,2,3,4,5,6,7,8,9,10,11,12,13,14,15,16,17,18,19,20,21,22,23,24,25,26,27,28,29,30,31,32,37,38,39,40,41,42,43,44,45,46,47,49,51,52,53,55,56,57,58,59,60,61,62,63,64,65,66,67,68,69,70,71,72,73,74,75,77,78,79,81,82,83,84,85,86,87,88,89,90,91,92,93,94,96,97,98,99",e89eefa9a454e390,coverage_selector_embedding_specific,0.9885860509311314,0.5988157803735272,e4aca0f6b9e84075,0.9945457838532562,0.628319119336572,0.875,84,96,550
B2_tuned,mpnet_base_v2,MPNet-base-v2,90,2,SoftmaxKNN,False,heldout_unselected_items_only_phase2_convention,train_inner_tuned_nested,7,0.2,0.6072113853445642,0.5838284530724687,0.6305943176166597,0.6964222070805655,0.8948635965720723,0.48200000000000004,0.6514545454545455,0.9883355330346976,0.9959549936504869,0.998118756659636,0.9947015024194507,0.9961171121300628,0.9946455795788667,0.9955907465088607,"0,1,2,3,4,5,6,7,8,9,10,11,12,13,14,15,16,17,18,19,20,21,22,23,24,25,26,27,28,29,30,31,32,37,38,39,40,41,42,43,44,45,46,47,49,51,52,53,55,56,57,58,59,60,61,62,63,64,65,66,67,68,69,70,71,72,73,74,75,77,78,79,81,82,83,84,85,86,87,88,89,90,91,92,93,94,96,97,98,99",e89eefa9a454e390,coverage_selector_embedding_specific,0.9885860509311314,0.5988157803735272,e4aca0f6b9e84075,0.9945457838532562,0.628319119336572,0.875,84,96,550
B2_tuned,mpnet_base_v2,MPNet-base-v2,90,3,SoftmaxKNN,False,heldout_unselected_items_only_phase2_convention,train_inner_tuned_nested,10,0.2,0.5844756790840197,0.5585041370268702,0.6104472211411691,0.7098501783093659,0.9048259993192332,0.46236363636363625,0.6723636363636364,0.9859725612845971,0.9960394462860169,0.99795646315349,0.9949094528986309,0.9956800771179817,0.9941116001481433,0.9950720530207603,"0,1,2,3,4,5,6,7,8,9,10,11,12,13,14,15,16,17,18,19,20,21,22,23,24,25,26,27,28,29,30,31,32,37,38,39,40,41,42,43,44,45,46,47,49,51,52,53,55,56,57,58,59,60,61,62,63,64,65,66,67,68,69,70,71,72,73,74,75,77,78,79,81,82,83,84,85,86,87,88,89,90,91,92,93,94,96,97,98,99",e89eefa9a454e390,coverage_selector_embedding_specific,0.9885860509311314,0.5988157803735272,e4aca0f6b9e84075,0.9945457838532562,0.628319119336572,0.875,84,96,550
B2_tuned,mpnet_base_v2,MPNet-base-v2,90,4,SoftmaxKNN,False,heldout_unselected_items_only_phase2_convention,train_inner_tuned_nested,10,0.2,0.5991352395652928,0.5746482351630449,0.6236222439675407,0.7119917999331915,0.9025395815081446,0.460655737704918,0.6726775956284153,0.9873674048330808,0.9959781538166321,0.9979692575764937,0.9943745622987055,0.9957887213504192,0.9942956199750663,0.9957379696831442,"0,1,2,3,4,5,6,7,8,9,10,11,12,13,14,15,16,17,18,19,20,21,22,23,24,25,26,27,28,29,30,31,32,37,38,39,40,41,42,43,44,45,46,47,49,51,52,53,55,56,57,58,59,60,61,62,63,64,65,66,67,68,69,70,71,72,73,74,75,77,78,79,81,82,83,84,85,86,87,88,89,90,91,92,93,94,96,97,98,99",e89eefa9a454e390,coverage_selector_embedding_specific,0.9885860509311314,0.5988157803735272,e4aca0f6b9e84075,0.9945457838532562,0.628319119336572,0.875,84,96,549
B2_tuned,sbert_original,SBERT (original),90,0,SoftmaxKNN,False,heldout_unselected_items_only_phase2_convention,train_inner_tuned_nested,3,0.2,0.6053800995493055,0.5802593856862652,0.6305008134123458,0.6785670442284886,0.9019141819202546,0.4940000000000001,0.6494545454545455,0.9929924901429639,0.988878919478175,0.9999999999999999,1.0,0.9937712112550596,0.9951285241752397,0.9940533705684957,"0,1,2,3,4,5,6,7,8,9,10,11,12,13,14,15,16,17,18,19,20,21,22,23,25,26,27,28,29,30,31,32,35,36,38,39,40,41,42,43,44,45,47,48,49,50,51,52,53,55,56,57,58,59,61,62,63,65,66,67,68,69,70,71,72,73,74,75,77,78,79,80,81,82,83,84,85,86,87,88,89,90,91,92,93,94,95,96,97,98",e4aca0f6b9e84075,coverage_selector_embedding_specific,0.9945458615517709,0.6283191148966659,e4aca0f6b9e84075,0.9945457838532562,0.628319119336572,1.0,90,90,550
B2_tuned,sbert_original,SBERT (original),90,1,SoftmaxKNN,False,heldout_unselected_items_only_phase2_convention,train_inner_tuned_nested,3,0.2,0.6282131967669166,0.6054317701654137,0.6509946233684194,0.6954930503166962,0.9197353718310137,0.4794545454545454,0.6756363636363636,0.9922077937204523,0.9851302926582716,1.0,1.0,0.9930759760841736,0.9940828124925793,0.9943316112893699,"0,1,2,3,4,5,6,7,8,9,10,11,12,13,14,15,16,17,18,19,20,21,22,23,25,26,27,28,29,30,31,32,35,36,38,39,40,41,42,43,44,45,47,48,49,50,51,52,53,55,56,57,58,59,61,62,63,65,66,67,68,69,70,71,72,73,74,75,77,78,79,80,81,82,83,84,85,86,87,88,89,90,91,92,93,94,95,96,97,98",e4aca0f6b9e84075,coverage_selector_embedding_specific,0.9945458615517709,0.6283191148966659,e4aca0f6b9e84075,0.9945457838532562,0.628319119336572,1.0,90,90,550
B2_tuned,sbert_original,SBERT (original),90,2,SoftmaxKNN,False,heldout_unselected_items_only_phase2_convention,train_inner_tuned_nested,3,0.2,0.6070546605552882,0.5826468577002795,0.631462463410297,0.6847220006447868,0.8995484602709725,0.4876363636363636,0.6529090909090909,0.9938261377680485,0.987096499485781,0.9999999999999999,0.9999999999999999,0.9926809206143349,0.9947207115736327,0.9954638278879999,"0,1,2,3,4,5,6,7,8,9,10,11,12,13,14,15,16,17,18,19,20,21,22,23,25,26,27,28,29,30,31,32,35,36,38,39,40,41,42,43,44,45,47,48,49,50,51,52,53,55,56,57,58,59,61,62,63,65,66,67,68,69,70,71,72,73,74,75,77,78,79,80,81,82,83,84,85,86,87,88,89,90,91,92,93,94,95,96,97,98",e4aca0f6b9e84075,coverage_selector_embedding_specific,0.9945458615517709,0.6283191148966659,e4aca0f6b9e84075,0.9945457838532562,0.628319119336572,1.0,90,90,550
B2_tuned,sbert_original,SBERT (original),90,3,SoftmaxKNN,False,heldout_unselected_items_only_phase2_convention,train_inner_tuned_nested,3,0.2,0.6028414102616286,0.5775505293765919,0.6281322911466654,0.6887426197703675,0.906772641939018,0.48872727272727273,0.6598181818181819,0.9927374596330507,0.9872032865134223,1.0,1.0,0.9926326963072981,0.9945146884907542,0.9944246390242206,"0,1,2,3,4,5,6,7,8,9,10,11,12,13,14,15,16,17,18,19,20,21,22,23,25,26,27,28,29,30,31,32,35,36,38,39,40,41,42,43,44,45,47,48,49,50,51,52,53,55,56,57,58,59,61,62,63,65,66,67,68,69,70,71,72,73,74,75,77,78,79,80,81,82,83,84,85,86,87,88,89,90,91,92,93,94,95,96,97,98",e4aca0f6b9e84075,coverage_selector_embedding_specific,0.9945458615517709,0.6283191148966659,e4aca0f6b9e84075,0.9945457838532562,0.628319119336572,1.0,90,90,550
B2_tuned,sbert_original,SBERT (original),90,4,SoftmaxKNN,False,heldout_unselected_items_only_phase2_convention,train_inner_tuned_nested,3,0.2,0.6230249931301395,0.5986960510200331,0.6473539352402459,0.6870015410962904,0.9024023666942516,0.4883424408014572,0.6586520947176685,0.9936748076373642,0.9862987101753999,1.0,0.9999999999999998,0.9934028366657396,0.9946752708957007,0.9956265421407632,"0,1,2,3,4,5,6,7,8,9,10,11,12,13,14,15,16,17,18,19,20,21,22,23,25,26,27,28,29,30,31,32,35,36,38,39,40,41,42,43,44,45,47,48,49,50,51,52,53,55,56,57,58,59,61,62,63,65,66,67,68,69,70,71,72,73,74,75,77,78,79,80,81,82,83,84,85,86,87,88,89,90,91,92,93,94,95,96,97,98",e4aca0f6b9e84075,coverage_selector_embedding_specific,0.9945458615517709,0.6283191148966659,e4aca0f6b9e84075,0.9945457838532562,0.628319119336572,1.0,90,90,549
