version,embedding_key,embedding_label,ratio,fold,predictor,K,tau,is_fixed,is_tuned,hyperparam_source,train_n,train_inner_n,valid_inner_n,test_n,best_inner_item_r,search_space_K,search_space_tau,inner_val_scores_json,selected_S_hash,jaccard_vs_s_old
B1_fixed,bge_base_en_v15,BGE-base-en-v1.5,10,0,SoftmaxKNN,7,0.1,True,False,phase2_fixed_preregistered_softmax,2199,0,0,550,,,,{},ec0db881349d9b77,0.25
B1_fixed,bge_base_en_v15,BGE-base-en-v1.5,10,1,SoftmaxKNN,7,0.1,True,False,phase2_fixed_preregistered_softmax,2199,0,0,550,,,,{},ec0db881349d9b77,0.25
B1_fixed,bge_base_en_v15,BGE-base-en-v1.5,10,2,SoftmaxKNN,7,0.1,True,False,phase2_fixed_preregistered_softmax,2199,0,0,550,,,,{},ec0db881349d9b77,0.25
B1_fixed,bge_base_en_v15,BGE-base-en-v1.5,10,3,SoftmaxKNN,7,0.1,True,False,phase2_fixed_preregistered_softmax,2199,0,0,550,,,,{},ec0db881349d9b77,0.25
B1_fixed,bge_base_en_v15,BGE-base-en-v1.5,10,4,SoftmaxKNN,7,0.1,True,False,phase2_fixed_preregistered_softmax,2200,0,0,549,,,,{},ec0db881349d9b77,0.25
B1_fixed,e5_base_v2,E5-base-v2,10,0,SoftmaxKNN,7,0.1,True,False,phase2_fixed_preregistered_softmax,2199,0,0,550,,,,{},ddb8a8dc4781b07a,0.17647058823529413
B1_fixed,e5_base_v2,E5-base-v2,10,1,SoftmaxKNN,7,0.1,True,False,phase2_fixed_preregistered_softmax,2199,0,0,550,,,,{},ddb8a8dc4781b07a,0.17647058823529413
B1_fixed,e5_base_v2,E5-base-v2,10,2,SoftmaxKNN,7,0.1,True,False,phase2_fixed_preregistered_softmax,2199,0,0,550,,,,{},ddb8a8dc4781b07a,0.17647058823529413
B1_fixed,e5_base_v2,E5-base-v2,10,3,SoftmaxKNN,7,0.1,True,False,phase2_fixed_preregistered_softmax,2199,0,0,550,,,,{},ddb8a8dc4781b07a,0.17647058823529413
B1_fixed,e5_base_v2,E5-base-v2,10,4,SoftmaxKNN,7,0.1,True,False,phase2_fixed_preregistered_softmax,2200,0,0,549,,,,{},ddb8a8dc4781b07a,0.17647058823529413
B1_fixed,minilm_l6_v2,MiniLM-L6-v2,10,0,SoftmaxKNN,7,0.1,True,False,phase2_fixed_preregistered_softmax,2199,0,0,550,,,,{},6a6a2a502b884a35,0.1111111111111111
B1_fixed,minilm_l6_v2,MiniLM-L6-v2,10,1,SoftmaxKNN,7,0.1,True,False,phase2_fixed_preregistered_softmax,2199,0,0,550,,,,{},6a6a2a502b884a35,0.1111111111111111
B1_fixed,minilm_l6_v2,MiniLM-L6-v2,10,2,SoftmaxKNN,7,0.1,True,False,phase2_fixed_preregistered_softmax,2199,0,0,550,,,,{},6a6a2a502b884a35,0.1111111111111111
B1_fixed,minilm_l6_v2,MiniLM-L6-v2,10,3,SoftmaxKNN,7,0.1,True,False,phase2_fixed_preregistered_softmax,2199,0,0,550,,,,{},6a6a2a502b884a35,0.1111111111111111
B1_fixed,minilm_l6_v2,MiniLM-L6-v2,10,4,SoftmaxKNN,7,0.1,True,False,phase2_fixed_preregistered_softmax,2200,0,0,549,,,,{},6a6a2a502b884a35,0.1111111111111111
B1_fixed,mpnet_base_v2,MPNet-base-v2,10,0,SoftmaxKNN,7,0.1,True,False,phase2_fixed_preregistered_softmax,2199,0,0,550,,,,{},fbaa37d42ee998f8,0.17647058823529413
B1_fixed,mpnet_base_v2,MPNet-base-v2,10,1,SoftmaxKNN,7,0.1,True,False,phase2_fixed_preregistered_softmax,2199,0,0,550,,,,{},fbaa37d42ee998f8,0.17647058823529413
B1_fixed,mpnet_base_v2,MPNet-base-v2,10,2,SoftmaxKNN,7,0.1,True,False,phase2_fixed_preregistered_softmax,2199,0,0,550,,,,{},fbaa37d42ee998f8,0.17647058823529413
B1_fixed,mpnet_base_v2,MPNet-base-v2,10,3,SoftmaxKNN,7,0.1,True,False,phase2_fixed_preregistered_softmax,2199,0,0,550,,,,{},fbaa37d42ee998f8,0.17647058823529413
B1_fixed,mpnet_base_v2,MPNet-base-v2,10,4,SoftmaxKNN,7,0.1,True,False,phase2_fixed_preregistered_softmax,2200,0,0,549,,,,{},fbaa37d42ee998f8,0.17647058823529413
B1_fixed,sbert_original,SBERT (original),10,0,SoftmaxKNN,7,0.1,True,False,phase2_fixed_preregistered_softmax,2199,0,0,550,,,,{},92745849571d4031,1.0
B1_fixed,sbert_original,SBERT (original),10,1,SoftmaxKNN,7,0.1,True,False,phase2_fixed_preregistered_softmax,2199,0,0,550,,,,{},92745849571d4031,1.0
B1_fixed,sbert_original,SBERT (original),10,2,SoftmaxKNN,7,0.1,True,False,phase2_fixed_preregistered_softmax,2199,0,0,550,,,,{},92745849571d4031,1.0
B1_fixed,sbert_original,SBERT (original),10,3,SoftmaxKNN,7,0.1,True,False,phase2_fixed_preregistered_softmax,2199,0,0,550,,,,{},92745849571d4031,1.0
B1_fixed,sbert_original,SBERT (original),10,4,SoftmaxKNN,7,0.1,True,False,phase2_fixed_preregistered_softmax,2200,0,0,549,,,,{},92745849571d4031,1.0
B1_fixed,bge_base_en_v15,BGE-base-en-v1.5,30,0,SoftmaxKNN,7,0.1,True,False,phase2_fixed_preregistered_softmax,2199,0,0,550,,,,{},d4ab89ba5be2ea63,0.30434782608695654
B1_fixed,bge_base_en_v15,BGE-base-en-v1.5,30,1,SoftmaxKNN,7,0.1,True,False,phase2_fixed_preregistered_softmax,2199,0,0,550,,,,{},d4ab89ba5be2ea63,0.30434782608695654
B1_fixed,bge_base_en_v15,BGE-base-en-v1.5,30,2,SoftmaxKNN,7,0.1,True,False,phase2_fixed_preregistered_softmax,2199,0,0,550,,,,{},d4ab89ba5be2ea63,0.30434782608695654
B1_fixed,bge_base_en_v15,BGE-base-en-v1.5,30,3,SoftmaxKNN,7,0.1,True,False,phase2_fixed_preregistered_softmax,2199,0,0,550,,,,{},d4ab89ba5be2ea63,0.30434782608695654
B1_fixed,bge_base_en_v15,BGE-base-en-v1.5,30,4,SoftmaxKNN,7,0.1,True,False,phase2_fixed_preregistered_softmax,2200,0,0,549,,,,{},d4ab89ba5be2ea63,0.30434782608695654
B1_fixed,e5_base_v2,E5-base-v2,30,0,SoftmaxKNN,7,0.1,True,False,phase2_fixed_preregistered_softmax,2199,0,0,550,,,,{},7ceffde4e4dcacff,0.22448979591836735
B1_fixed,e5_base_v2,E5-base-v2,30,1,SoftmaxKNN,7,0.1,True,False,phase2_fixed_preregistered_softmax,2199,0,0,550,,,,{},7ceffde4e4dcacff,0.22448979591836735
B1_fixed,e5_base_v2,E5-base-v2,30,2,SoftmaxKNN,7,0.1,True,False,phase2_fixed_preregistered_softmax,2199,0,0,550,,,,{},7ceffde4e4dcacff,0.22448979591836735
B1_fixed,e5_base_v2,E5-base-v2,30,3,SoftmaxKNN,7,0.1,True,False,phase2_fixed_preregistered_softmax,2199,0,0,550,,,,{},7ceffde4e4dcacff,0.22448979591836735
B1_fixed,e5_base_v2,E5-base-v2,30,4,SoftmaxKNN,7,0.1,True,False,phase2_fixed_preregistered_softmax,2200,0,0,549,,,,{},7ceffde4e4dcacff,0.22448979591836735
B1_fixed,minilm_l6_v2,MiniLM-L6-v2,30,0,SoftmaxKNN,7,0.1,True,False,phase2_fixed_preregistered_softmax,2199,0,0,550,,,,{},bad524b73607dd87,0.2
B1_fixed,minilm_l6_v2,MiniLM-L6-v2,30,1,SoftmaxKNN,7,0.1,True,False,phase2_fixed_preregistered_softmax,2199,0,0,550,,,,{},bad524b73607dd87,0.2
B1_fixed,minilm_l6_v2,MiniLM-L6-v2,30,2,SoftmaxKNN,7,0.1,True,False,phase2_fixed_preregistered_softmax,2199,0,0,550,,,,{},bad524b73607dd87,0.2
B1_fixed,minilm_l6_v2,MiniLM-L6-v2,30,3,SoftmaxKNN,7,0.1,True,False,phase2_fixed_preregistered_softmax,2199,0,0,550,,,,{},bad524b73607dd87,0.2
B1_fixed,minilm_l6_v2,MiniLM-L6-v2,30,4,SoftmaxKNN,7,0.1,True,False,phase2_fixed_preregistered_softmax,2200,0,0,549,,,,{},bad524b73607dd87,0.2
B1_fixed,mpnet_base_v2,MPNet-base-v2,30,0,SoftmaxKNN,7,0.1,True,False,phase2_fixed_preregistered_softmax,2199,0,0,550,,,,{},e516e4a7976f9b63,0.30434782608695654
B1_fixed,mpnet_base_v2,MPNet-base-v2,30,1,SoftmaxKNN,7,0.1,True,False,phase2_fixed_preregistered_softmax,2199,0,0,550,,,,{},e516e4a7976f9b63,0.30434782608695654
B1_fixed,mpnet_base_v2,MPNet-base-v2,30,2,SoftmaxKNN,7,0.1,True,False,phase2_fixed_preregistered_softmax,2199,0,0,550,,,,{},e516e4a7976f9b63,0.30434782608695654
B1_fixed,mpnet_base_v2,MPNet-base-v2,30,3,SoftmaxKNN,7,0.1,True,False,phase2_fixed_preregistered_softmax,2199,0,0,550,,,,{},e516e4a7976f9b63,0.30434782608695654
B1_fixed,mpnet_base_v2,MPNet-base-v2,30,4,SoftmaxKNN,7,0.1,True,False,phase2_fixed_preregistered_softmax,2200,0,0,549,,,,{},e516e4a7976f9b63,0.30434782608695654
B1_fixed,sbert_original,SBERT (original),30,0,SoftmaxKNN,7,0.1,True,False,phase2_fixed_preregistered_softmax,2199,0,0,550,,,,{},1ce15da48f8052fb,0.9354838709677419
B1_fixed,sbert_original,SBERT (original),30,1,SoftmaxKNN,7,0.1,True,False,phase2_fixed_preregistered_softmax,2199,0,0,550,,,,{},1ce15da48f8052fb,0.9354838709677419
B1_fixed,sbert_original,SBERT (original),30,2,SoftmaxKNN,7,0.1,True,False,phase2_fixed_preregistered_softmax,2199,0,0,550,,,,{},1ce15da48f8052fb,0.9354838709677419
B1_fixed,sbert_original,SBERT (original),30,3,SoftmaxKNN,7,0.1,True,False,phase2_fixed_preregistered_softmax,2199,0,0,550,,,,{},1ce15da48f8052fb,0.9354838709677419
B1_fixed,sbert_original,SBERT (original),30,4,SoftmaxKNN,7,0.1,True,False,phase2_fixed_preregistered_softmax,2200,0,0,549,,,,{},1ce15da48f8052fb,0.9354838709677419
B1_fixed,bge_base_en_v15,BGE-base-en-v1.5,50,0,SoftmaxKNN,10,0.1,True,False,phase2_fixed_preregistered_softmax,2199,0,0,550,,,,{},6eea9f717fd92763,0.5151515151515151
B1_fixed,bge_base_en_v15,BGE-base-en-v1.5,50,1,SoftmaxKNN,10,0.1,True,False,phase2_fixed_preregistered_softmax,2199,0,0,550,,,,{},6eea9f717fd92763,0.5151515151515151
B1_fixed,bge_base_en_v15,BGE-base-en-v1.5,50,2,SoftmaxKNN,10,0.1,True,False,phase2_fixed_preregistered_softmax,2199,0,0,550,,,,{},6eea9f717fd92763,0.5151515151515151
B1_fixed,bge_base_en_v15,BGE-base-en-v1.5,50,3,SoftmaxKNN,10,0.1,True,False,phase2_fixed_preregistered_softmax,2199,0,0,550,,,,{},6eea9f717fd92763,0.5151515151515151
B1_fixed,bge_base_en_v15,BGE-base-en-v1.5,50,4,SoftmaxKNN,10,0.1,True,False,phase2_fixed_preregistered_softmax,2200,0,0,549,,,,{},6eea9f717fd92763,0.5151515151515151
B1_fixed,e5_base_v2,E5-base-v2,50,0,SoftmaxKNN,10,0.1,True,False,phase2_fixed_preregistered_softmax,2199,0,0,550,,,,{},5ae9976a061dca51,0.4492753623188406
B1_fixed,e5_base_v2,E5-base-v2,50,1,SoftmaxKNN,10,0.1,True,False,phase2_fixed_preregistered_softmax,2199,0,0,550,,,,{},5ae9976a061dca51,0.4492753623188406
B1_fixed,e5_base_v2,E5-base-v2,50,2,SoftmaxKNN,10,0.1,True,False,phase2_fixed_preregistered_softmax,2199,0,0,550,,,,{},5ae9976a061dca51,0.4492753623188406
B1_fixed,e5_base_v2,E5-base-v2,50,3,SoftmaxKNN,10,0.1,True,False,phase2_fixed_preregistered_softmax,2199,0,0,550,,,,{},5ae9976a061dca51,0.4492753623188406
B1_fixed,e5_base_v2,E5-base-v2,50,4,SoftmaxKNN,10,0.1,True,False,phase2_fixed_preregistered_softmax,2200,0,0,549,,,,{},5ae9976a061dca51,0.4492753623188406
B1_fixed,minilm_l6_v2,MiniLM-L6-v2,50,0,SoftmaxKNN,10,0.1,True,False,phase2_fixed_preregistered_softmax,2199,0,0,550,,,,{},61a3f94b6fb57ce0,0.3333333333333333
B1_fixed,minilm_l6_v2,MiniLM-L6-v2,50,1,SoftmaxKNN,10,0.1,True,False,phase2_fixed_preregistered_softmax,2199,0,0,550,,,,{},61a3f94b6fb57ce0,0.3333333333333333
B1_fixed,minilm_l6_v2,MiniLM-L6-v2,50,2,SoftmaxKNN,10,0.1,True,False,phase2_fixed_preregistered_softmax,2199,0,0,550,,,,{},61a3f94b6fb57ce0,0.3333333333333333
B1_fixed,minilm_l6_v2,MiniLM-L6-v2,50,3,SoftmaxKNN,10,0.1,True,False,phase2_fixed_preregistered_softmax,2199,0,0,550,,,,{},61a3f94b6fb57ce0,0.3333333333333333
B1_fixed,minilm_l6_v2,MiniLM-L6-v2,50,4,SoftmaxKNN,10,0.1,True,False,phase2_fixed_preregistered_softmax,2200,0,0,549,,,,{},61a3f94b6fb57ce0,0.3333333333333333
B1_fixed,mpnet_base_v2,MPNet-base-v2,50,0,SoftmaxKNN,10,0.1,True,False,phase2_fixed_preregistered_softmax,2199,0,0,550,,,,{},45bb1bb1246fbfc6,0.4084507042253521
B1_fixed,mpnet_base_v2,MPNet-base-v2,50,1,SoftmaxKNN,10,0.1,True,False,phase2_fixed_preregistered_softmax,2199,0,0,550,,,,{},45bb1bb1246fbfc6,0.4084507042253521
B1_fixed,mpnet_base_v2,MPNet-base-v2,50,2,SoftmaxKNN,10,0.1,True,False,phase2_fixed_preregistered_softmax,2199,0,0,550,,,,{},45bb1bb1246fbfc6,0.4084507042253521
B1_fixed,mpnet_base_v2,MPNet-base-v2,50,3,SoftmaxKNN,10,0.1,True,False,phase2_fixed_preregistered_softmax,2199,0,0,550,,,,{},45bb1bb1246fbfc6,0.4084507042253521
B1_fixed,mpnet_base_v2,MPNet-base-v2,50,4,SoftmaxKNN,10,0.1,True,False,phase2_fixed_preregistered_softmax,2200,0,0,549,,,,{},45bb1bb1246fbfc6,0.4084507042253521
B1_fixed,sbert_original,SBERT (original),50,0,SoftmaxKNN,10,0.1,True,False,phase2_fixed_preregistered_softmax,2199,0,0,550,,,,{},6e6167ebfe199350,0.9230769230769231
B1_fixed,sbert_original,SBERT (original),50,1,SoftmaxKNN,10,0.1,True,False,phase2_fixed_preregistered_softmax,2199,0,0,550,,,,{},6e6167ebfe199350,0.9230769230769231
B1_fixed,sbert_original,SBERT (original),50,2,SoftmaxKNN,10,0.1,True,False,phase2_fixed_preregistered_softmax,2199,0,0,550,,,,{},6e6167ebfe199350,0.9230769230769231
B1_fixed,sbert_original,SBERT (original),50,3,SoftmaxKNN,10,0.1,True,False,phase2_fixed_preregistered_softmax,2199,0,0,550,,,,{},6e6167ebfe199350,0.9230769230769231
B1_fixed,sbert_original,SBERT (original),50,4,SoftmaxKNN,10,0.1,True,False,phase2_fixed_preregistered_softmax,2200,0,0,549,,,,{},6e6167ebfe199350,0.9230769230769231
B1_fixed,bge_base_en_v15,BGE-base-en-v1.5,90,0,SoftmaxKNN,3,0.03,True,False,phase2_fixed_preregistered_softmax,2199,0,0,550,,,,{},d1c9629104d4613e,0.8947368421052632
B1_fixed,bge_base_en_v15,BGE-base-en-v1.5,90,1,SoftmaxKNN,3,0.03,True,False,phase2_fixed_preregistered_softmax,2199,0,0,550,,,,{},d1c9629104d4613e,0.8947368421052632
B1_fixed,bge_base_en_v15,BGE-base-en-v1.5,90,2,SoftmaxKNN,3,0.03,True,False,phase2_fixed_preregistered_softmax,2199,0,0,550,,,,{},d1c9629104d4613e,0.8947368421052632
B1_fixed,bge_base_en_v15,BGE-base-en-v1.5,90,3,SoftmaxKNN,3,0.03,True,False,phase2_fixed_preregistered_softmax,2199,0,0,550,,,,{},d1c9629104d4613e,0.8947368421052632
B1_fixed,bge_base_en_v15,BGE-base-en-v1.5,90,4,SoftmaxKNN,3,0.03,True,False,phase2_fixed_preregistered_softmax,2200,0,0,549,,,,{},d1c9629104d4613e,0.8947368421052632
B1_fixed,e5_base_v2,E5-base-v2,90,0,SoftmaxKNN,3,0.03,True,False,phase2_fixed_preregistered_softmax,2199,0,0,550,,,,{},4ab1827017a9d4a9,0.8181818181818182
B1_fixed,e5_base_v2,E5-base-v2,90,1,SoftmaxKNN,3,0.03,True,False,phase2_fixed_preregistered_softmax,2199,0,0,550,,,,{},4ab1827017a9d4a9,0.8181818181818182
B1_fixed,e5_base_v2,E5-base-v2,90,2,SoftmaxKNN,3,0.03,True,False,phase2_fixed_preregistered_softmax,2199,0,0,550,,,,{},4ab1827017a9d4a9,0.8181818181818182
B1_fixed,e5_base_v2,E5-base-v2,90,3,SoftmaxKNN,3,0.03,True,False,phase2_fixed_preregistered_softmax,2199,0,0,550,,,,{},4ab1827017a9d4a9,0.8181818181818182
B1_fixed,e5_base_v2,E5-base-v2,90,4,SoftmaxKNN,3,0.03,True,False,phase2_fixed_preregistered_softmax,2200,0,0,549,,,,{},4ab1827017a9d4a9,0.8181818181818182
B1_fixed,minilm_l6_v2,MiniLM-L6-v2,90,0,SoftmaxKNN,3,0.03,True,False,phase2_fixed_preregistered_softmax,2199,0,0,550,,,,{},4554bd3645a8b3db,0.8556701030927835
B1_fixed,minilm_l6_v2,MiniLM-L6-v2,90,1,SoftmaxKNN,3,0.03,True,False,phase2_fixed_preregistered_softmax,2199,0,0,550,,,,{},4554bd3645a8b3db,0.8556701030927835
B1_fixed,minilm_l6_v2,MiniLM-L6-v2,90,2,SoftmaxKNN,3,0.03,True,False,phase2_fixed_preregistered_softmax,2199,0,0,550,,,,{},4554bd3645a8b3db,0.8556701030927835
B1_fixed,minilm_l6_v2,MiniLM-L6-v2,90,3,SoftmaxKNN,3,0.03,True,False,phase2_fixed_preregistered_softmax,2199,0,0,550,,,,{},4554bd3645a8b3db,0.8556701030927835
B1_fixed,minilm_l6_v2,MiniLM-L6-v2,90,4,SoftmaxKNN,3,0.03,True,False,phase2_fixed_preregistered_softmax,2200,0,0,549,,,,{},4554bd3645a8b3db,0.8556701030927835
B1_fixed,mpnet_base_v2,MPNet-base-v2,90,0,SoftmaxKNN,3,0.03,True,False,phase2_fixed_preregistered_softmax,2199,0,0,550,,,,{},e89eefa9a454e390,0.875
B1_fixed,mpnet_base_v2,MPNet-base-v2,90,1,SoftmaxKNN,3,0.03,True,False,phase2_fixed_preregistered_softmax,2199,0,0,550,,,,{},e89eefa9a454e390,0.875
B1_fixed,mpnet_base_v2,MPNet-base-v2,90,2,SoftmaxKNN,3,0.03,True,False,phase2_fixed_preregistered_softmax,2199,0,0,550,,,,{},e89eefa9a454e390,0.875
B1_fixed,mpnet_base_v2,MPNet-base-v2,90,3,SoftmaxKNN,3,0.03,True,False,phase2_fixed_preregistered_softmax,2199,0,0,550,,,,{},e89eefa9a454e390,0.875
B1_fixed,mpnet_base_v2,MPNet-base-v2,90,4,SoftmaxKNN,3,0.03,True,False,phase2_fixed_preregistered_softmax,2200,0,0,549,,,,{},e89eefa9a454e390,0.875
B1_fixed,sbert_original,SBERT (original),90,0,SoftmaxKNN,3,0.03,True,False,phase2_fixed_preregistered_softmax,2199,0,0,550,,,,{},e4aca0f6b9e84075,1.0
B1_fixed,sbert_original,SBERT (original),90,1,SoftmaxKNN,3,0.03,True,False,phase2_fixed_preregistered_softmax,2199,0,0,550,,,,{},e4aca0f6b9e84075,1.0
B1_fixed,sbert_original,SBERT (original),90,2,SoftmaxKNN,3,0.03,True,False,phase2_fixed_preregistered_softmax,2199,0,0,550,,,,{},e4aca0f6b9e84075,1.0
B1_fixed,sbert_original,SBERT (original),90,3,SoftmaxKNN,3,0.03,True,False,phase2_fixed_preregistered_softmax,2199,0,0,550,,,,{},e4aca0f6b9e84075,1.0
B1_fixed,sbert_original,SBERT (original),90,4,SoftmaxKNN,3,0.03,True,False,phase2_fixed_preregistered_softmax,2200,0,0,549,,,,{},e4aca0f6b9e84075,1.0
B2_tuned,bge_base_en_v15,BGE-base-en-v1.5,10,0,SoftmaxKNN,5,0.1,False,True,train_inner_tuned_nested,2199,1759,440,550,0.3228645421744283,"3,5,7,10,15","0.03,0.05,0.1,0.2,0.5","{""K=10,tau=0.03"": 0.2816588966101736, ""K=10,tau=0.05"": 0.30571321253651074, ""K=10,tau=0.1"": 0.3164962328288104, ""K=10,tau=0.2"": 0.3188248887435874, ""K=10,tau=0.5"": 0.31724418922505654, ""K=15,tau=0.03"": 0.2816588966101736, ""K=15,tau=0.05"": 0.30571321253651074, ""K=15,tau=0.1"": 0.3164962328288104, ""K=15,tau=0.2"": 0.3188248887435874, ""K=15,tau=0.5"": 0.31724418922505654, ""K=3,tau=0.03"": 0.272568984707191, ""K=3,tau=0.05"": 0.2910065322358442, ""K=3,tau=0.1"": 0.29892399636011957, ""K=3,tau=0.2"": 0.28510672973903156, ""K=3,tau=0.5"": 0.26062590095742133, ""K=5,tau=0.03"": 0.28149305425804505, ""K=5,tau=0.05"": 0.30721035385423623, ""K=5,tau=0.1"": 0.3228645421744283, ""K=5,tau=0.2"": 0.3044813751881804, ""K=5,tau=0.5"": 0.26015890730971525, ""K=7,tau=0.03"": 0.28162301282902513, ""K=7,tau=0.05"": 0.30602942547435313, ""K=7,tau=0.1"": 0.31682914059601724, ""K=7,tau=0.2"": 0.29214945412946447, ""K=7,tau=0.5"": 0.21311433842197142}",ec0db881349d9b77,0.25
B2_tuned,bge_base_en_v15,BGE-base-en-v1.5,10,1,SoftmaxKNN,5,0.1,False,True,train_inner_tuned_nested,2199,1759,440,550,0.33088654064387857,"3,5,7,10,15","0.03,0.05,0.1,0.2,0.5","{""K=10,tau=0.03"": 0.29280374652362956, ""K=10,tau=0.05"": 0.3147298371824051, ""K=10,tau=0.1"": 0.3235186171418131, ""K=10,tau=0.2"": 0.32690234219699993, ""K=10,tau=0.5"": 0.32703401063607435, ""K=15,tau=0.03"": 0.29280374652362956, ""K=15,tau=0.05"": 0.3147298371824051, ""K=15,tau=0.1"": 0.3235186171418131, ""K=15,tau=0.2"": 0.32690234219699993, ""K=15,tau=0.5"": 0.32703401063607435, ""K=3,tau=0.03"": 0.28318599803334554, ""K=3,tau=0.05"": 0.30045955719785206, ""K=3,tau=0.1"": 0.30779075158076485, ""K=3,tau=0.2"": 0.2943518463199025, ""K=3,tau=0.5"": 0.2698054912018738, ""K=5,tau=0.03"": 0.2925839728781213, ""K=5,tau=0.05"": 0.3164806429901334, ""K=5,tau=0.1"": 0.33088654064387857, ""K=5,tau=0.2"": 0.31345165008149684, ""K=5,tau=0.5"": 0.26905047563783, ""K=7,tau=0.03"": 0.2927874682013334, ""K=7,tau=0.05"": 0.3154015628217474, ""K=7,tau=0.1"": 0.32544174227391653, ""K=7,tau=0.2"": 0.3028996578848251, ""K=7,tau=0.5"": 0.22405197709342192}",ec0db881349d9b77,0.25
B2_tuned,bge_base_en_v15,BGE-base-en-v1.5,10,2,SoftmaxKNN,5,0.1,False,True,train_inner_tuned_nested,2199,1759,440,550,0.3301085158509943,"3,5,7,10,15","0.03,0.05,0.1,0.2,0.5","{""K=10,tau=0.03"": 0.28938793259017276, ""K=10,tau=0.05"": 0.3138590906128473, ""K=10,tau=0.1"": 0.32521177739336304, ""K=10,tau=0.2"": 0.32788521443311036, ""K=10,tau=0.5"": 0.3262811260284465, ""K=15,tau=0.03"": 0.28938793259017276, ""K=15,tau=0.05"": 0.3138590906128473, ""K=15,tau=0.1"": 0.32521177739336304, ""K=15,tau=0.2"": 0.32788521443311036, ""K=15,tau=0.5"": 0.3262811260284465, ""K=3,tau=0.03"": 0.2802559168772493, ""K=3,tau=0.05"": 0.29902281065315145, ""K=3,tau=0.1"": 0.3075951110140145, ""K=3,tau=0.2"": 0.29371475983223333, ""K=3,tau=0.5"": 0.2684325865015002, ""K=5,tau=0.03"": 0.28897050078042064, ""K=5,tau=0.05"": 0.3146779829071174, ""K=5,tau=0.1"": 0.3301085158509943, ""K=5,tau=0.2"": 0.3107862902074741, ""K=5,tau=0.5"": 0.2644754668783329, ""K=7,tau=0.03"": 0.28934131913326033, ""K=7,tau=0.05"": 0.3141014485057473, ""K=7,tau=0.1"": 0.32529024597465533, ""K=7,tau=0.2"": 0.2998081655755211, ""K=7,tau=0.5"": 0.21653248008078949}",ec0db881349d9b77,0.25
B2_tuned,bge_base_en_v15,BGE-base-en-v1.5,10,3,SoftmaxKNN,5,0.1,False,True,train_inner_tuned_nested,2199,1759,440,550,0.3133797048858126,"3,5,7,10,15","0.03,0.05,0.1,0.2,0.5","{""K=10,tau=0.03"": 0.2712186779216885, ""K=10,tau=0.05"": 0.2958449334541493, ""K=10,tau=0.1"": 0.3084580288813071, ""K=10,tau=0.2"": 0.3119538147775367, ""K=10,tau=0.5"": 0.31141910742887, ""K=15,tau=0.03"": 0.2712186779216885, ""K=15,tau=0.05"": 0.2958449334541493, ""K=15,tau=0.1"": 0.3084580288813071, ""K=15,tau=0.2"": 0.3119538147775367, ""K=15,tau=0.5"": 0.31141910742887, ""K=3,tau=0.03"": 0.2626609831320258, ""K=3,tau=0.05"": 0.2811960539787644, ""K=3,tau=0.1"": 0.2900810461348417, ""K=3,tau=0.2"": 0.27731096065873356, ""K=3,tau=0.5"": 0.2538489900651956, ""K=5,tau=0.03"": 0.2708477768334, ""K=5,tau=0.05"": 0.2965659130687504, ""K=5,tau=0.1"": 0.3133797048858126, ""K=5,tau=0.2"": 0.2975635429348871, ""K=5,tau=0.5"": 0.2564887719442729, ""K=7,tau=0.03"": 0.27115411451965055, ""K=7,tau=0.05"": 0.29595532178397005, ""K=7,tau=0.1"": 0.3083386773782024, ""K=7,tau=0.2"": 0.28593688207501833, ""K=7,tau=0.5"": 0.20905774925711682}",ec0db881349d9b77,0.25
B2_tuned,bge_base_en_v15,BGE-base-en-v1.5,10,4,SoftmaxKNN,5,0.1,False,True,train_inner_tuned_nested,2200,1760,440,549,0.3270324123278926,"3,5,7,10,15","0.03,0.05,0.1,0.2,0.5","{""K=10,tau=0.03"": 0.28685112386084305, ""K=10,tau=0.05"": 0.3100489238299736, ""K=10,tau=0.1"": 0.32091373215795627, ""K=10,tau=0.2"": 0.3245434278254396, ""K=10,tau=0.5"": 0.3246411711335661, ""K=15,tau=0.03"": 0.28685112386084305, ""K=15,tau=0.05"": 0.3100489238299736, ""K=15,tau=0.1"": 0.32091373215795627, ""K=15,tau=0.2"": 0.3245434278254396, ""K=15,tau=0.5"": 0.3246411711335661, ""K=3,tau=0.03"": 0.27826662654282647, ""K=3,tau=0.05"": 0.2959095339271011, ""K=3,tau=0.1"": 0.30370323034297136, ""K=3,tau=0.2"": 0.29031176777294754, ""K=3,tau=0.5"": 0.26646365413609646, ""K=5,tau=0.03"": 0.2863797351927978, ""K=5,tau=0.05"": 0.31094925955022945, ""K=5,tau=0.1"": 0.3270324123278926, ""K=5,tau=0.2"": 0.31143434215099725, ""K=5,tau=0.5"": 0.2693491390191424, ""K=7,tau=0.03"": 0.2864802765114373, ""K=7,tau=0.05"": 0.30974336162284816, ""K=7,tau=0.1"": 0.32039309740140154, ""K=7,tau=0.2"": 0.29581425234524805, ""K=7,tau=0.5"": 0.2144282744875234}",ec0db881349d9b77,0.25
B2_tuned,e5_base_v2,E5-base-v2,10,0,SoftmaxKNN,5,0.03,False,True,train_inner_tuned_nested,2199,1759,440,550,0.29983397997064987,"3,5,7,10,15","0.03,0.05,0.1,0.2,0.5","{""K=10,tau=0.03"": 0.2985573317729406, ""K=10,tau=0.05"": 0.29131310377068514, ""K=10,tau=0.1"": 0.28364309032940865, ""K=10,tau=0.2"": 0.27753982886582657, ""K=10,tau=0.5"": 0.27126742825753475, ""K=15,tau=0.03"": 0.2985573317729406, ""K=15,tau=0.05"": 0.29131310377068514, ""K=15,tau=0.1"": 0.28364309032940865, ""K=15,tau=0.2"": 0.27753982886582657, ""K=15,tau=0.5"": 0.27126742825753475, ""K=3,tau=0.03"": 0.2947939920530748, ""K=3,tau=0.05"": 0.28818400953681783, ""K=3,tau=0.1"": 0.2693375226390921, ""K=3,tau=0.2"": 0.2497987848911809, ""K=3,tau=0.5"": 0.23394864544181107, ""K=5,tau=0.03"": 0.29983397997064987, ""K=5,tau=0.05"": 0.292458925566533, ""K=5,tau=0.1"": 0.2635721248593441, ""K=5,tau=0.2"": 0.2270617987812011, ""K=5,tau=0.5"": 0.19691960630866767, ""K=7,tau=0.03"": 0.2978975983520585, ""K=7,tau=0.05"": 0.28597169444263065, ""K=7,tau=0.1"": 0.24407727774044644, ""K=7,tau=0.2"": 0.17742822012955176, ""K=7,tau=0.5"": 0.11595628887504293}",ddb8a8dc4781b07a,0.17647058823529413
B2_tuned,e5_base_v2,E5-base-v2,10,1,SoftmaxKNN,5,0.03,False,True,train_inner_tuned_nested,2199,1759,440,550,0.3039229917285734,"3,5,7,10,15","0.03,0.05,0.1,0.2,0.5","{""K=10,tau=0.03"": 0.3027925175536259, ""K=10,tau=0.05"": 0.2943483688183693, ""K=10,tau=0.1"": 0.2865284775797236, ""K=10,tau=0.2"": 0.28075243137357503, ""K=10,tau=0.5"": 0.27471185791552416, ""K=15,tau=0.03"": 0.3027925175536259, ""K=15,tau=0.05"": 0.2943483688183693, ""K=15,tau=0.1"": 0.2865284775797236, ""K=15,tau=0.2"": 0.28075243137357503, ""K=15,tau=0.5"": 0.27471185791552416, ""K=3,tau=0.03"": 0.3006804691168357, ""K=3,tau=0.05"": 0.2926375752723347, ""K=3,tau=0.1"": 0.2717421412900335, ""K=3,tau=0.2"": 0.2508058548905301, ""K=3,tau=0.5"": 0.23407176106050903, ""K=5,tau=0.03"": 0.3039229917285734, ""K=5,tau=0.05"": 0.293844722357942, ""K=5,tau=0.1"": 0.2611470202192897, ""K=5,tau=0.2"": 0.2222454608229219, ""K=5,tau=0.5"": 0.1908308163854679, ""K=7,tau=0.03"": 0.30220095026163213, ""K=7,tau=0.05"": 0.2893660789519843, ""K=7,tau=0.1"": 0.24831635335400462, ""K=7,tau=0.2"": 0.18436375794523097, ""K=7,tau=0.5"": 0.12532055730878702}",ddb8a8dc4781b07a,0.17647058823529413
B2_tuned,e5_base_v2,E5-base-v2,10,2,SoftmaxKNN,5,0.03,False,True,train_inner_tuned_nested,2199,1759,440,550,0.3002964478589648,"3,5,7,10,15","0.03,0.05,0.1,0.2,0.5","{""K=10,tau=0.03"": 0.2990892681697021, ""K=10,tau=0.05"": 0.29100528175828844, ""K=10,tau=0.1"": 0.28361723253663385, ""K=10,tau=0.2"": 0.2781714296528913, ""K=10,tau=0.5"": 0.2723483310583442, ""K=15,tau=0.03"": 0.2990892681697021, ""K=15,tau=0.05"": 0.29100528175828844, ""K=15,tau=0.1"": 0.28361723253663385, ""K=15,tau=0.2"": 0.2781714296528913, ""K=15,tau=0.5"": 0.2723483310583442, ""K=3,tau=0.03"": 0.29575305623462234, ""K=3,tau=0.05"": 0.28910982931317253, ""K=3,tau=0.1"": 0.27065203898118795, ""K=3,tau=0.2"": 0.25158183154931885, ""K=3,tau=0.5"": 0.23610926464460832, ""K=5,tau=0.03"": 0.3002964478589648, ""K=5,tau=0.05"": 0.2923184234206144, ""K=5,tau=0.1"": 0.2637213637161859, ""K=5,tau=0.2"": 0.2278402362861259, ""K=5,tau=0.5"": 0.19808030218429404, ""K=7,tau=0.03"": 0.29928356211995694, ""K=7,tau=0.05"": 0.2879939753869798, ""K=7,tau=0.1"": 0.24913398322201935, ""K=7,tau=0.2"": 0.18543124875499975, ""K=7,tau=0.5"": 0.12552407488997175}",ddb8a8dc4781b07a,0.17647058823529413
B2_tuned,e5_base_v2,E5-base-v2,10,3,SoftmaxKNN,5,0.03,False,True,train_inner_tuned_nested,2199,1759,440,550,0.2911957827643422,"3,5,7,10,15","0.03,0.05,0.1,0.2,0.5","{""K=10,tau=0.03"": 0.28986237077507876, ""K=10,tau=0.05"": 0.28165968915668393, ""K=10,tau=0.1"": 0.274289875974223, ""K=10,tau=0.2"": 0.268904364654666, ""K=10,tau=0.5"": 0.2631751074781509, ""K=15,tau=0.03"": 0.28986237077507876, ""K=15,tau=0.05"": 0.28165968915668393, ""K=15,tau=0.1"": 0.274289875974223, ""K=15,tau=0.2"": 0.268904364654666, ""K=15,tau=0.5"": 0.2631751074781509, ""K=3,tau=0.03"": 0.2872955027471851, ""K=3,tau=0.05"": 0.28004950519417154, ""K=3,tau=0.1"": 0.26155626178424235, ""K=3,tau=0.2"": 0.24282475533962405, ""K=3,tau=0.5"": 0.22770420840015249, ""K=5,tau=0.03"": 0.2911957827643422, ""K=5,tau=0.05"": 0.2821204880968702, ""K=5,tau=0.1"": 0.25210309575223394, ""K=5,tau=0.2"": 0.21580087236137427, ""K=5,tau=0.5"": 0.1861525175606216, ""K=7,tau=0.03"": 0.2896284881299892, ""K=7,tau=0.05"": 0.27741062526805893, ""K=7,tau=0.1"": 0.2381446961587207, ""K=7,tau=0.2"": 0.1757465598395404, ""K=7,tau=0.5"": 0.1174060001953439}",ddb8a8dc4781b07a,0.17647058823529413
B2_tuned,e5_base_v2,E5-base-v2,10,4,SoftmaxKNN,5,0.03,False,True,train_inner_tuned_nested,2200,1760,440,549,0.29971023549258885,"3,5,7,10,15","0.03,0.05,0.1,0.2,0.5","{""K=10,tau=0.03"": 0.2990072340847533, ""K=10,tau=0.05"": 0.2910464541815624, ""K=10,tau=0.1"": 0.28354685893185205, ""K=10,tau=0.2"": 0.2779796824026509, ""K=10,tau=0.5"": 0.27209593848621616, ""K=15,tau=0.03"": 0.2990072340847533, ""K=15,tau=0.05"": 0.2910464541815624, ""K=15,tau=0.1"": 0.28354685893185205, ""K=15,tau=0.2"": 0.2779796824026509, ""K=15,tau=0.5"": 0.27209593848621616, ""K=3,tau=0.03"": 0.2954987488114456, ""K=3,tau=0.05"": 0.28848646747238066, ""K=3,tau=0.1"": 0.2694587226174453, ""K=3,tau=0.2"": 0.25018852207001047, ""K=3,tau=0.5"": 0.2347113467933459, ""K=5,tau=0.03"": 0.29971023549258885, ""K=5,tau=0.05"": 0.2904019089411061, ""K=5,tau=0.1"": 0.25916949725400806, ""K=5,tau=0.2"": 0.2212813270157781, ""K=5,tau=0.5"": 0.1903842420617813, ""K=7,tau=0.03"": 0.29871316054049163, ""K=7,tau=0.05"": 0.28680495967872627, ""K=7,tau=0.1"": 0.24739607332237532, ""K=7,tau=0.2"": 0.18408289223907054, ""K=7,tau=0.5"": 0.12445031940211942}",ddb8a8dc4781b07a,0.17647058823529413
B2_tuned,minilm_l6_v2,MiniLM-L6-v2,10,0,SoftmaxKNN,7,0.1,False,True,train_inner_tuned_nested,2199,1759,440,550,0.2934051361888684,"3,5,7,10,15","0.03,0.05,0.1,0.2,0.5","{""K=10,tau=0.03"": 0.26863671131882116, ""K=10,tau=0.05"": 0.28070602746735956, ""K=10,tau=0.1"": 0.2918629100863173, ""K=10,tau=0.2"": 0.2844206917755134, ""K=10,tau=0.5"": 0.28328898155886584, ""K=15,tau=0.03"": 0.26863671131882116, ""K=15,tau=0.05"": 0.28070602746735956, ""K=15,tau=0.1"": 0.2918629100863173, ""K=15,tau=0.2"": 0.2844206917755134, ""K=15,tau=0.5"": 0.28328898155886584, ""K=3,tau=0.03"": 0.2668532470683706, ""K=3,tau=0.05"": 0.27383866942902635, ""K=3,tau=0.1"": 0.27643497141364387, ""K=3,tau=0.2"": 0.2623082161383326, ""K=3,tau=0.5"": 0.23056837811562672, ""K=5,tau=0.03"": 0.2681652690757443, ""K=5,tau=0.05"": 0.2780400293490522, ""K=5,tau=0.1"": 0.2845723472950473, ""K=5,tau=0.2"": 0.26905363720701775, ""K=5,tau=0.5"": 0.2186637295499039, ""K=7,tau=0.03"": 0.26846414306133776, ""K=7,tau=0.05"": 0.2803100905749364, ""K=7,tau=0.1"": 0.2934051361888684, ""K=7,tau=0.2"": 0.28902728222111274, ""K=7,tau=0.5"": 0.24882761801647876}",6a6a2a502b884a35,0.1111111111111111
B2_tuned,minilm_l6_v2,MiniLM-L6-v2,10,1,SoftmaxKNN,7,0.1,False,True,train_inner_tuned_nested,2199,1759,440,550,0.305929091138014,"3,5,7,10,15","0.03,0.05,0.1,0.2,0.5","{""K=10,tau=0.03"": 0.2801253849072608, ""K=10,tau=0.05"": 0.2926309152618427, ""K=10,tau=0.1"": 0.30443241643436975, ""K=10,tau=0.2"": 0.2969146116583097, ""K=10,tau=0.5"": 0.29566128335582453, ""K=15,tau=0.03"": 0.2801253849072608, ""K=15,tau=0.05"": 0.2926309152618427, ""K=15,tau=0.1"": 0.30443241643436975, ""K=15,tau=0.2"": 0.2969146116583097, ""K=15,tau=0.5"": 0.29566128335582453, ""K=3,tau=0.03"": 0.2787873203726357, ""K=3,tau=0.05"": 0.2864343055283837, ""K=3,tau=0.1"": 0.28959884321280827, ""K=3,tau=0.2"": 0.2754088657945448, ""K=3,tau=0.5"": 0.24301985567696127, ""K=5,tau=0.03"": 0.27977453568211336, ""K=5,tau=0.05"": 0.29011181431483296, ""K=5,tau=0.1"": 0.29716830858553395, ""K=5,tau=0.2"": 0.28101084560724354, ""K=5,tau=0.5"": 0.22830926989320408, ""K=7,tau=0.03"": 0.27996553872982693, ""K=7,tau=0.05"": 0.2921979798286707, ""K=7,tau=0.1"": 0.305929091138014, ""K=7,tau=0.2"": 0.3016460398700825, ""K=7,tau=0.5"": 0.2609947223207505}",6a6a2a502b884a35,0.1111111111111111
B2_tuned,minilm_l6_v2,MiniLM-L6-v2,10,2,SoftmaxKNN,7,0.1,False,True,train_inner_tuned_nested,2199,1759,440,550,0.300518171619954,"3,5,7,10,15","0.03,0.05,0.1,0.2,0.5","{""K=10,tau=0.03"": 0.2780224103714333, ""K=10,tau=0.05"": 0.28981432905830434, ""K=10,tau=0.1"": 0.29984016966321814, ""K=10,tau=0.2"": 0.2909729585360624, ""K=10,tau=0.5"": 0.2893154849205811, ""K=15,tau=0.03"": 0.2780224103714333, ""K=15,tau=0.05"": 0.28981432905830434, ""K=15,tau=0.1"": 0.29984016966321814, ""K=15,tau=0.2"": 0.2909729585360624, ""K=15,tau=0.5"": 0.2893154849205811, ""K=3,tau=0.03"": 0.2765353519941101, ""K=3,tau=0.05"": 0.28345601380304886, ""K=3,tau=0.1"": 0.284920677074638, ""K=3,tau=0.2"": 0.2690297049753075, ""K=3,tau=0.5"": 0.23531245383718719, ""K=5,tau=0.03"": 0.27754971037411225, ""K=5,tau=0.05"": 0.28709618719667984, ""K=5,tau=0.1"": 0.29218633988443526, ""K=5,tau=0.2"": 0.2747745600848526, ""K=5,tau=0.5"": 0.2222600589853366, ""K=7,tau=0.03"": 0.27781733598373126, ""K=7,tau=0.05"": 0.2892348375484209, ""K=7,tau=0.1"": 0.300518171619954, ""K=7,tau=0.2"": 0.2931290818466833, ""K=7,tau=0.5"": 0.24856367626209977}",6a6a2a502b884a35,0.1111111111111111
B2_tuned,minilm_l6_v2,MiniLM-L6-v2,10,3,SoftmaxKNN,7,0.1,False,True,train_inner_tuned_nested,2199,1759,440,550,0.29317112386000865,"3,5,7,10,15","0.03,0.05,0.1,0.2,0.5","{""K=10,tau=0.03"": 0.27333159551356356, ""K=10,tau=0.05"": 0.28389068334622125, ""K=10,tau=0.1"": 0.2924246036481966, ""K=10,tau=0.2"": 0.2828935796127509, ""K=10,tau=0.5"": 0.28104407141464494, ""K=15,tau=0.03"": 0.27333159551356356, ""K=15,tau=0.05"": 0.28389068334622125, ""K=15,tau=0.1"": 0.2924246036481966, ""K=15,tau=0.2"": 0.2828935796127509, ""K=15,tau=0.5"": 0.28104407141464494, ""K=3,tau=0.03"": 0.2720868471151646, ""K=3,tau=0.05"": 0.2781340994680809, ""K=3,tau=0.1"": 0.27879982603153836, ""K=3,tau=0.2"": 0.26261912901919315, ""K=3,tau=0.5"": 0.22969328134518954, ""K=5,tau=0.03"": 0.27285575483570124, ""K=5,tau=0.05"": 0.2811430922995789, ""K=5,tau=0.1"": 0.2846943287771002, ""K=5,tau=0.2"": 0.26563615535365126, ""K=5,tau=0.5"": 0.21123214276346527, ""K=7,tau=0.03"": 0.27310861800756187, ""K=7,tau=0.05"": 0.2832914128038142, ""K=7,tau=0.1"": 0.29317112386000865, ""K=7,tau=0.2"": 0.28475401010524043, ""K=7,tau=0.5"": 0.2398339760167406}",6a6a2a502b884a35,0.1111111111111111
B2_tuned,minilm_l6_v2,MiniLM-L6-v2,10,4,SoftmaxKNN,7,0.1,False,True,train_inner_tuned_nested,2200,1760,440,549,0.30019163601604404,"3,5,7,10,15","0.03,0.05,0.1,0.2,0.5","{""K=10,tau=0.03"": 0.27766940976427756, ""K=10,tau=0.05"": 0.289181510577605, ""K=10,tau=0.1"": 0.29974809926335266, ""K=10,tau=0.2"": 0.2929337142978925, ""K=10,tau=0.5"": 0.2927282362169282, ""K=15,tau=0.03"": 0.27766940976427756, ""K=15,tau=0.05"": 0.289181510577605, ""K=15,tau=0.1"": 0.29974809926335266, ""K=15,tau=0.2"": 0.2929337142978925, ""K=15,tau=0.5"": 0.2927282362169282, ""K=3,tau=0.03"": 0.27654532969422263, ""K=3,tau=0.05"": 0.2837444598201736, ""K=3,tau=0.1"": 0.28615762409502893, ""K=3,tau=0.2"": 0.27166167022644466, ""K=3,tau=0.5"": 0.2392770498522629, ""K=5,tau=0.03"": 0.27740449488770386, ""K=5,tau=0.05"": 0.28679144964857656, ""K=5,tau=0.1"": 0.2917004802363317, ""K=5,tau=0.2"": 0.27375120035490136, ""K=5,tau=0.5"": 0.21927368374987824, ""K=7,tau=0.03"": 0.27748498402028526, ""K=7,tau=0.05"": 0.2885901376945856, ""K=7,tau=0.1"": 0.30019163601604404, ""K=7,tau=0.2"": 0.2941563250264462, ""K=7,tau=0.5"": 0.24988055244748467}",6a6a2a502b884a35,0.1111111111111111
B2_tuned,mpnet_base_v2,MPNet-base-v2,10,0,SoftmaxKNN,7,0.1,False,True,train_inner_tuned_nested,2199,1759,440,550,0.34882741721307353,"3,5,7,10,15","0.03,0.05,0.1,0.2,0.5","{""K=10,tau=0.03"": 0.3356283982498158, ""K=10,tau=0.05"": 0.3466045003104243, ""K=10,tau=0.1"": 0.348540003489107, ""K=10,tau=0.2"": 0.3299401684435803, ""K=10,tau=0.5"": 0.3273053999180916, ""K=15,tau=0.03"": 0.3356283982498158, ""K=15,tau=0.05"": 0.3466045003104243, ""K=15,tau=0.1"": 0.348540003489107, ""K=15,tau=0.2"": 0.3299401684435803, ""K=15,tau=0.5"": 0.3273053999180916, ""K=3,tau=0.03"": 0.3322651550773747, ""K=3,tau=0.05"": 0.3382415275215909, ""K=3,tau=0.1"": 0.34118350732492236, ""K=3,tau=0.2"": 0.33095029022020156, ""K=3,tau=0.5"": 0.3019184720247955, ""K=5,tau=0.03"": 0.33416557146117054, ""K=5,tau=0.05"": 0.3411278397192771, ""K=5,tau=0.1"": 0.3381940439807631, ""K=5,tau=0.2"": 0.3105697161589248, ""K=5,tau=0.5"": 0.24330362456534516, ""K=7,tau=0.03"": 0.33530206746251373, ""K=7,tau=0.05"": 0.3455944854029131, ""K=7,tau=0.1"": 0.34882741721307353, ""K=7,tau=0.2"": 0.33042097678421156, ""K=7,tau=0.5"": 0.26865042242667886}",fbaa37d42ee998f8,0.17647058823529413
B2_tuned,mpnet_base_v2,MPNet-base-v2,10,1,SoftmaxKNN,7,0.1,False,True,train_inner_tuned_nested,2199,1759,440,550,0.35537858080984625,"3,5,7,10,15","0.03,0.05,0.1,0.2,0.5","{""K=10,tau=0.03"": 0.3413910985545914, ""K=10,tau=0.05"": 0.35242005097099155, ""K=10,tau=0.1"": 0.3550472297505749, ""K=10,tau=0.2"": 0.33728272508451446, ""K=10,tau=0.5"": 0.33460005776974583, ""K=15,tau=0.03"": 0.3413910985545914, ""K=15,tau=0.05"": 0.35242005097099155, ""K=15,tau=0.1"": 0.3550472297505749, ""K=15,tau=0.2"": 0.33728272508451446, ""K=15,tau=0.5"": 0.33460005776974583, ""K=3,tau=0.03"": 0.33833829305917157, ""K=3,tau=0.05"": 0.34470688967780877, ""K=3,tau=0.1"": 0.34796532326395957, ""K=3,tau=0.2"": 0.33775500489159715, ""K=3,tau=0.5"": 0.30923543349550886, ""K=5,tau=0.03"": 0.34003505796670397, ""K=5,tau=0.05"": 0.3472213002907891, ""K=5,tau=0.1"": 0.3448988182973558, ""K=5,tau=0.2"": 0.31800859390564507, ""K=5,tau=0.5"": 0.2529626294710795, ""K=7,tau=0.03"": 0.34110356775307, ""K=7,tau=0.05"": 0.3515454167418785, ""K=7,tau=0.1"": 0.35537858080984625, ""K=7,tau=0.2"": 0.33711212079788555, ""K=7,tau=0.5"": 0.27605561766821135}",fbaa37d42ee998f8,0.17647058823529413
B2_tuned,mpnet_base_v2,MPNet-base-v2,10,2,SoftmaxKNN,7,0.1,False,True,train_inner_tuned_nested,2199,1759,440,550,0.3573270612672071,"3,5,7,10,15","0.03,0.05,0.1,0.2,0.5","{""K=10,tau=0.03"": 0.3436096403258925, ""K=10,tau=0.05"": 0.35465921613257817, ""K=10,tau=0.1"": 0.3567118890592063, ""K=10,tau=0.2"": 0.33813676368385864, ""K=10,tau=0.5"": 0.3354407113181111, ""K=15,tau=0.03"": 0.3436096403258925, ""K=15,tau=0.05"": 0.35465921613257817, ""K=15,tau=0.1"": 0.3567118890592063, ""K=15,tau=0.2"": 0.33813676368385864, ""K=15,tau=0.5"": 0.3354407113181111, ""K=3,tau=0.03"": 0.34026960346886886, ""K=3,tau=0.05"": 0.3464730909017962, ""K=3,tau=0.1"": 0.3495958338955522, ""K=3,tau=0.2"": 0.3392234219163507, ""K=3,tau=0.5"": 0.30977761495526895, ""K=5,tau=0.03"": 0.3421600916006839, ""K=5,tau=0.05"": 0.3492595694790735, ""K=5,tau=0.1"": 0.34631001657328164, ""K=5,tau=0.2"": 0.3180627919553861, ""K=5,tau=0.5"": 0.24911229576023483, ""K=7,tau=0.03"": 0.3433474596757833, ""K=7,tau=0.05"": 0.35383826167357063, ""K=7,tau=0.1"": 0.3573270612672071, ""K=7,tau=0.2"": 0.33848896094624353, ""K=7,tau=0.5"": 0.2746734603870423}",fbaa37d42ee998f8,0.17647058823529413
B2_tuned,mpnet_base_v2,MPNet-base-v2,10,3,SoftmaxKNN,7,0.1,False,True,train_inner_tuned_nested,2199,1759,440,550,0.3484858783748293,"3,5,7,10,15","0.03,0.05,0.1,0.2,0.5","{""K=10,tau=0.03"": 0.33735711672206614, ""K=10,tau=0.05"": 0.34741243066830213, ""K=10,tau=0.1"": 0.3483572203598364, ""K=10,tau=0.2"": 0.329888447490954, ""K=10,tau=0.5"": 0.32850602951419833, ""K=15,tau=0.03"": 0.33735711672206614, ""K=15,tau=0.05"": 0.34741243066830213, ""K=15,tau=0.1"": 0.3483572203598364, ""K=15,tau=0.2"": 0.329888447490954, ""K=15,tau=0.5"": 0.32850602951419833, ""K=3,tau=0.03"": 0.3338910363197326, ""K=3,tau=0.05"": 0.339074834685519, ""K=3,tau=0.1"": 0.34110933231668233, ""K=3,tau=0.2"": 0.3306354377708069, ""K=3,tau=0.5"": 0.30238303112017434, ""K=5,tau=0.03"": 0.3358670221744409, ""K=5,tau=0.05"": 0.3418262914987005, ""K=5,tau=0.1"": 0.337596988284357, ""K=5,tau=0.2"": 0.3102081047262779, ""K=5,tau=0.5"": 0.24534267176559396, ""K=7,tau=0.03"": 0.3370256259436697, ""K=7,tau=0.05"": 0.34636738864272665, ""K=7,tau=0.1"": 0.3484858783748293, ""K=7,tau=0.2"": 0.3300439306225669, ""K=7,tau=0.5"": 0.2698523653968892}",fbaa37d42ee998f8,0.17647058823529413
B2_tuned,mpnet_base_v2,MPNet-base-v2,10,4,SoftmaxKNN,7,0.1,False,True,train_inner_tuned_nested,2200,1760,440,549,0.3525765746078637,"3,5,7,10,15","0.03,0.05,0.1,0.2,0.5","{""K=10,tau=0.03"": 0.3406004279431034, ""K=10,tau=0.05"": 0.3505784958227762, ""K=10,tau=0.1"": 0.35191709491710244, ""K=10,tau=0.2"": 0.3345835496249847, ""K=10,tau=0.5"": 0.33401507169458716, ""K=15,tau=0.03"": 0.3406004279431034, ""K=15,tau=0.05"": 0.3505784958227762, ""K=15,tau=0.1"": 0.35191709491710244, ""K=15,tau=0.2"": 0.3345835496249847, ""K=15,tau=0.5"": 0.33401507169458716, ""K=3,tau=0.03"": 0.3371422675936926, ""K=3,tau=0.05"": 0.34224366227276626, ""K=3,tau=0.1"": 0.34423264186909847, ""K=3,tau=0.2"": 0.3342166299028903, ""K=3,tau=0.5"": 0.30769336621657717, ""K=5,tau=0.03"": 0.33910939415519414, ""K=5,tau=0.05"": 0.3451077206705925, ""K=5,tau=0.1"": 0.341574507155952, ""K=5,tau=0.2"": 0.31487583372721195, ""K=5,tau=0.5"": 0.25015485182571773, ""K=7,tau=0.03"": 0.3402798251319152, ""K=7,tau=0.05"": 0.34962677808757914, ""K=7,tau=0.1"": 0.3525765746078637, ""K=7,tau=0.2"": 0.33645907975216044, ""K=7,tau=0.5"": 0.28041033498743817}",fbaa37d42ee998f8,0.17647058823529413
B2_tuned,sbert_original,SBERT (original),10,0,SoftmaxKNN,10,0.1,False,True,train_inner_tuned_nested,2199,1759,440,550,0.26991221965871315,"3,5,7,10,15","0.03,0.05,0.1,0.2,0.5","{""K=10,tau=0.03"": 0.25352604251067296, ""K=10,tau=0.05"": 0.26125936926307103, ""K=10,tau=0.1"": 0.26991221965871315, ""K=10,tau=0.2"": 0.26476105644506637, ""K=10,tau=0.5"": 0.25119598466708376, ""K=15,tau=0.03"": 0.25352604251067296, ""K=15,tau=0.05"": 0.26125936926307103, ""K=15,tau=0.1"": 0.26991221965871315, ""K=15,tau=0.2"": 0.26476105644506637, ""K=15,tau=0.5"": 0.25119598466708376, ""K=3,tau=0.03"": 0.2518491037539781, ""K=3,tau=0.05"": 0.2556148213950971, ""K=3,tau=0.1"": 0.25613768389922453, ""K=3,tau=0.2"": 0.23847909413725552, ""K=3,tau=0.5"": 0.19049643455112944, ""K=5,tau=0.03"": 0.25322321175666224, ""K=5,tau=0.05"": 0.26009082287114943, ""K=5,tau=0.1"": 0.266056710807493, ""K=5,tau=0.2"": 0.2505816022082802, ""K=5,tau=0.5"": 0.18717569006508686, ""K=7,tau=0.03"": 0.2534993484273579, ""K=7,tau=0.05"": 0.2610884479834542, ""K=7,tau=0.1"": 0.2693873653391063, ""K=7,tau=0.2"": 0.26077011119936105, ""K=7,tau=0.5"": 0.1996151279766995}",92745849571d4031,1.0
B2_tuned,sbert_original,SBERT (original),10,1,SoftmaxKNN,10,0.1,False,True,train_inner_tuned_nested,2199,1759,440,550,0.2745854213196633,"3,5,7,10,15","0.03,0.05,0.1,0.2,0.5","{""K=10,tau=0.03"": 0.25688373629134625, ""K=10,tau=0.05"": 0.26606444790479133, ""K=10,tau=0.1"": 0.2745854213196633, ""K=10,tau=0.2"": 0.2690973708412914, ""K=10,tau=0.5"": 0.255578268894778, ""K=15,tau=0.03"": 0.25688373629134625, ""K=15,tau=0.05"": 0.26606444790479133, ""K=15,tau=0.1"": 0.2745854213196633, ""K=15,tau=0.2"": 0.2690973708412914, ""K=15,tau=0.5"": 0.255578268894778, ""K=3,tau=0.03"": 0.25506983191743243, ""K=3,tau=0.05"": 0.2602529465959143, ""K=3,tau=0.1"": 0.2612310799242085, ""K=3,tau=0.2"": 0.24348210595997996, ""K=3,tau=0.5"": 0.1958562375018617, ""K=5,tau=0.03"": 0.25652902707579855, ""K=5,tau=0.05"": 0.26482074936388134, ""K=5,tau=0.1"": 0.2710382513779496, ""K=5,tau=0.2"": 0.25548128024196864, ""K=5,tau=0.5"": 0.19373093104103215, ""K=7,tau=0.03"": 0.25685073674881964, ""K=7,tau=0.05"": 0.2658670580489349, ""K=7,tau=0.1"": 0.27417134509577523, ""K=7,tau=0.2"": 0.2653169598843083, ""K=7,tau=0.5"": 0.20452069281852575}",92745849571d4031,1.0
B2_tuned,sbert_original,SBERT (original),10,2,SoftmaxKNN,10,0.1,False,True,train_inner_tuned_nested,2199,1759,440,550,0.27504326718865985,"3,5,7,10,15","0.03,0.05,0.1,0.2,0.5","{""K=10,tau=0.03"": 0.25853758919795594, ""K=10,tau=0.05"": 0.2665411418692186, ""K=10,tau=0.1"": 0.27504326718865985, ""K=10,tau=0.2"": 0.2704049346038672, ""K=10,tau=0.5"": 0.25730769795867886, ""K=15,tau=0.03"": 0.25853758919795594, ""K=15,tau=0.05"": 0.2665411418692186, ""K=15,tau=0.1"": 0.27504326718865985, ""K=15,tau=0.2"": 0.2704049346038672, ""K=15,tau=0.5"": 0.25730769795867886, ""K=3,tau=0.03"": 0.25679951597552586, ""K=3,tau=0.05"": 0.2607627532068256, ""K=3,tau=0.1"": 0.2606639789395413, ""K=3,tau=0.2"": 0.24229429197401267, ""K=3,tau=0.5"": 0.19353988523486845, ""K=5,tau=0.03"": 0.25823939996999573, ""K=5,tau=0.05"": 0.2654106139118397, ""K=5,tau=0.1"": 0.27137309218062033, ""K=5,tau=0.2"": 0.2563637599259488, ""K=5,tau=0.5"": 0.19228417000014456, ""K=7,tau=0.03"": 0.25851695539116193, ""K=7,tau=0.05"": 0.26641837693759646, ""K=7,tau=0.1"": 0.27486095232669777, ""K=7,tau=0.2"": 0.26715860924400453, ""K=7,tau=0.5"": 0.20517028770333573}",92745849571d4031,1.0
B2_tuned,sbert_original,SBERT (original),10,3,SoftmaxKNN,10,0.1,False,True,train_inner_tuned_nested,2199,1759,440,550,0.26722464450531463,"3,5,7,10,15","0.03,0.05,0.1,0.2,0.5","{""K=10,tau=0.03"": 0.24974165896429867, ""K=10,tau=0.05"": 0.258291029452581, ""K=10,tau=0.1"": 0.26722464450531463, ""K=10,tau=0.2"": 0.26195105104673894, ""K=10,tau=0.5"": 0.24681534951907041, ""K=15,tau=0.03"": 0.24974165896429867, ""K=15,tau=0.05"": 0.258291029452581, ""K=15,tau=0.1"": 0.26722464450531463, ""K=15,tau=0.2"": 0.26195105104673894, ""K=15,tau=0.5"": 0.24681534951907041, ""K=3,tau=0.03"": 0.2481501712524135, ""K=3,tau=0.05"": 0.253109825423661, ""K=3,tau=0.1"": 0.2548641394570971, ""K=3,tau=0.2"": 0.23789599287389135, ""K=3,tau=0.5"": 0.19021459931811835, ""K=5,tau=0.03"": 0.2494633516511897, ""K=5,tau=0.05"": 0.2571959117572057, ""K=5,tau=0.1"": 0.2634725070380412, ""K=5,tau=0.2"": 0.24698330174631708, ""K=5,tau=0.5"": 0.17955306911276261, ""K=7,tau=0.03"": 0.2497165531381336, ""K=7,tau=0.05"": 0.2581064904185193, ""K=7,tau=0.1"": 0.26651707033264843, ""K=7,tau=0.2"": 0.2565591345146244, ""K=7,tau=0.5"": 0.19063781029941318}",92745849571d4031,1.0
B2_tuned,sbert_original,SBERT (original),10,4,SoftmaxKNN,10,0.1,False,True,train_inner_tuned_nested,2200,1760,440,549,0.2797303339030568,"3,5,7,10,15","0.03,0.05,0.1,0.2,0.5","{""K=10,tau=0.03"": 0.26174145721307635, ""K=10,tau=0.05"": 0.27006728445260336, ""K=10,tau=0.1"": 0.2797303339030568, ""K=10,tau=0.2"": 0.27555292602709364, ""K=10,tau=0.5"": 0.2624389998609936, ""K=15,tau=0.03"": 0.26174145721307635, ""K=15,tau=0.05"": 0.27006728445260336, ""K=15,tau=0.1"": 0.2797303339030568, ""K=15,tau=0.2"": 0.27555292602709364, ""K=15,tau=0.5"": 0.2624389998609936, ""K=3,tau=0.03"": 0.26013243786473494, ""K=3,tau=0.05"": 0.2647472168102905, ""K=3,tau=0.1"": 0.2668304218628662, ""K=3,tau=0.2"": 0.2506153650707275, ""K=3,tau=0.5"": 0.20392850891008926, ""K=5,tau=0.03"": 0.26147168866297615, ""K=5,tau=0.05"": 0.2690610957045353, ""K=5,tau=0.1"": 0.276249955032781, ""K=5,tau=0.2"": 0.2616069322449073, ""K=5,tau=0.5"": 0.1978989269168527, ""K=7,tau=0.03"": 0.26172558698159887, ""K=7,tau=0.05"": 0.26996104427291157, ""K=7,tau=0.1"": 0.279402078882597, ""K=7,tau=0.2"": 0.27159247590087504, ""K=7,tau=0.5"": 0.2101303619360426}",92745849571d4031,1.0
B2_tuned,bge_base_en_v15,BGE-base-en-v1.5,30,0,SoftmaxKNN,10,0.1,False,True,train_inner_tuned_nested,2199,1759,440,550,0.4175797092045942,"3,5,7,10,15","0.03,0.05,0.1,0.2,0.5","{""K=10,tau=0.03"": 0.3818351043521232, ""K=10,tau=0.05"": 0.40505903083510947, ""K=10,tau=0.1"": 0.4175797092045942, ""K=10,tau=0.2"": 0.39685561129036345, ""K=10,tau=0.5"": 0.3553184665256972, ""K=15,tau=0.03"": 0.38235811033755995, ""K=15,tau=0.05"": 0.40473495800064463, ""K=15,tau=0.1"": 0.4163313667534993, ""K=15,tau=0.2"": 0.3883349190705211, ""K=15,tau=0.5"": 0.3245223742218776, ""K=3,tau=0.03"": 0.36798183257016975, ""K=3,tau=0.05"": 0.38022565504203965, ""K=3,tau=0.1"": 0.3819458807088711, ""K=3,tau=0.2"": 0.3674808365968212, ""K=3,tau=0.5"": 0.3476306608838703, ""K=5,tau=0.03"": 0.3761793085254351, ""K=5,tau=0.05"": 0.3940841794942195, ""K=5,tau=0.1"": 0.39819399083212387, ""K=5,tau=0.2"": 0.3782941248904576, ""K=5,tau=0.5"": 0.3498427344517295, ""K=7,tau=0.03"": 0.3802950838712387, ""K=7,tau=0.05"": 0.4029459904593451, ""K=7,tau=0.1"": 0.4151078804746586, ""K=7,tau=0.2"": 0.3993519410242774, ""K=7,tau=0.5"": 0.36955074711203756}",d4ab89ba5be2ea63,0.30434782608695654
B2_tuned,bge_base_en_v15,BGE-base-en-v1.5,30,1,SoftmaxKNN,10,0.1,False,True,train_inner_tuned_nested,2199,1759,440,550,0.43235595834677687,"3,5,7,10,15","0.03,0.05,0.1,0.2,0.5","{""K=10,tau=0.03"": 0.3963044343183699, ""K=10,tau=0.05"": 0.4194034438483238, ""K=10,tau=0.1"": 0.43235595834677687, ""K=10,tau=0.2"": 0.4113659798575403, ""K=10,tau=0.5"": 0.3677815436770287, ""K=15,tau=0.03"": 0.39670140298802, ""K=15,tau=0.05"": 0.41859297418088864, ""K=15,tau=0.1"": 0.43072376828956105, ""K=15,tau=0.2"": 0.40400881214259865, ""K=15,tau=0.5"": 0.33843167994763956, ""K=3,tau=0.03"": 0.3835662487011464, ""K=3,tau=0.05"": 0.39732677282191264, ""K=3,tau=0.1"": 0.40120664982870013, ""K=3,tau=0.2"": 0.3882018762284727, ""K=3,tau=0.5"": 0.36895054286718865, ""K=5,tau=0.03"": 0.39115207310456, ""K=5,tau=0.05"": 0.4097722787101625, ""K=5,tau=0.1"": 0.4153078044341912, ""K=5,tau=0.2"": 0.39639826189657557, ""K=5,tau=0.5"": 0.3678821918055675, ""K=7,tau=0.03"": 0.39500447981035997, ""K=7,tau=0.05"": 0.41798615497542346, ""K=7,tau=0.1"": 0.4309142440935645, ""K=7,tau=0.2"": 0.4150027496688052, ""K=7,tau=0.5"": 0.38414183186413525}",d4ab89ba5be2ea63,0.30434782608695654
B2_tuned,bge_base_en_v15,BGE-base-en-v1.5,30,2,SoftmaxKNN,10,0.1,False,True,train_inner_tuned_nested,2199,1759,440,550,0.42541915593272844,"3,5,7,10,15","0.03,0.05,0.1,0.2,0.5","{""K=10,tau=0.03"": 0.39098092167226256, ""K=10,tau=0.05"": 0.4136202198906198, ""K=10,tau=0.1"": 0.42541915593272844, ""K=10,tau=0.2"": 0.40322544310922276, ""K=10,tau=0.5"": 0.3596339860221636, ""K=15,tau=0.03"": 0.3915036909909607, ""K=15,tau=0.05"": 0.4131008079563174, ""K=15,tau=0.1"": 0.4240759960961303, ""K=15,tau=0.2"": 0.3954248671540593, ""K=15,tau=0.5"": 0.32968624890112597, ""K=3,tau=0.03"": 0.3781081798092161, ""K=3,tau=0.05"": 0.3912350001144469, ""K=3,tau=0.1"": 0.39401079337772865, ""K=3,tau=0.2"": 0.37982310821408066, ""K=3,tau=0.5"": 0.35970841484111793, ""K=5,tau=0.03"": 0.3854420794807103, ""K=5,tau=0.05"": 0.4031942102078953, ""K=5,tau=0.1"": 0.4070691064073627, ""K=5,tau=0.2"": 0.38658604666460206, ""K=5,tau=0.5"": 0.3574312202353245, ""K=7,tau=0.03"": 0.3894517328898276, ""K=7,tau=0.05"": 0.4116556782410642, ""K=7,tau=0.1"": 0.42320131506166536, ""K=7,tau=0.2"": 0.40627131539114064, ""K=7,tau=0.5"": 0.3753041040039151}",d4ab89ba5be2ea63,0.30434782608695654
B2_tuned,bge_base_en_v15,BGE-base-en-v1.5,30,3,SoftmaxKNN,10,0.1,False,True,train_inner_tuned_nested,2199,1759,440,550,0.41766154030440467,"3,5,7,10,15","0.03,0.05,0.1,0.2,0.5","{""K=10,tau=0.03"": 0.3821587802908097, ""K=10,tau=0.05"": 0.4055076886509608, ""K=10,tau=0.1"": 0.41766154030440467, ""K=10,tau=0.2"": 0.39627478952831224, ""K=10,tau=0.5"": 0.3542319029227476, ""K=15,tau=0.03"": 0.3826862228897554, ""K=15,tau=0.05"": 0.40521325175236955, ""K=15,tau=0.1"": 0.4168560350969798, ""K=15,tau=0.2"": 0.38966970490650893, ""K=15,tau=0.5"": 0.3263030611105628, ""K=3,tau=0.03"": 0.3690306421354934, ""K=3,tau=0.05"": 0.3818539878557429, ""K=3,tau=0.1"": 0.38331715102915076, ""K=3,tau=0.2"": 0.36777024284627646, ""K=3,tau=0.5"": 0.34679593864063457, ""K=5,tau=0.03"": 0.37663359710602123, ""K=5,tau=0.05"": 0.3943815183503304, ""K=5,tau=0.1"": 0.3964828311947105, ""K=5,tau=0.2"": 0.3739232712962407, ""K=5,tau=0.5"": 0.34346810858801674, ""K=7,tau=0.03"": 0.38071203786975316, ""K=7,tau=0.05"": 0.40331078775691354, ""K=7,tau=0.1"": 0.41414825911701914, ""K=7,tau=0.2"": 0.39636707628529616, ""K=7,tau=0.5"": 0.3650777882876492}",d4ab89ba5be2ea63,0.30434782608695654
B2_tuned,bge_base_en_v15,BGE-base-en-v1.5,30,4,SoftmaxKNN,10,0.1,False,True,train_inner_tuned_nested,2200,1760,440,549,0.43617052793243194,"3,5,7,10,15","0.03,0.05,0.1,0.2,0.5","{""K=10,tau=0.03"": 0.39875609499825165, ""K=10,tau=0.05"": 0.42237630127452824, ""K=10,tau=0.1"": 0.43617052793243194, ""K=10,tau=0.2"": 0.41561760631834377, ""K=10,tau=0.5"": 0.3728240594699812, ""K=15,tau=0.03"": 0.39912495736039705, ""K=15,tau=0.05"": 0.4213974781733168, ""K=15,tau=0.1"": 0.4343267555899721, ""K=15,tau=0.2"": 0.40762653264034837, ""K=15,tau=0.5"": 0.3426745533464203, ""K=3,tau=0.03"": 0.38417224474985917, ""K=3,tau=0.05"": 0.3969590523703514, ""K=3,tau=0.1"": 0.3983913547755075, ""K=3,tau=0.2"": 0.38276693267996414, ""K=3,tau=0.5"": 0.36138878961737725, ""K=5,tau=0.03"": 0.39327046749405936, ""K=5,tau=0.05"": 0.4115422508505026, ""K=5,tau=0.1"": 0.4148942632070796, ""K=5,tau=0.2"": 0.3931609173115425, ""K=5,tau=0.5"": 0.36259837893744234, ""K=7,tau=0.03"": 0.39730936558671615, ""K=7,tau=0.05"": 0.42032150177095234, ""K=7,tau=0.1"": 0.43214201603661373, ""K=7,tau=0.2"": 0.4145029628105723, ""K=7,tau=0.5"": 0.38249802952315637}",d4ab89ba5be2ea63,0.30434782608695654
B2_tuned,e5_base_v2,E5-base-v2,30,0,SoftmaxKNN,5,0.1,False,True,train_inner_tuned_nested,2199,1759,440,550,0.3991312991619261,"3,5,7,10,15","0.03,0.05,0.1,0.2,0.5","{""K=10,tau=0.03"": 0.382158458159444, ""K=10,tau=0.05"": 0.3942835393967467, ""K=10,tau=0.1"": 0.373461635733055, ""K=10,tau=0.2"": 0.3409096450646908, ""K=10,tau=0.5"": 0.3168446001185568, ""K=15,tau=0.03"": 0.3816349855377452, ""K=15,tau=0.05"": 0.39287218158495496, ""K=15,tau=0.1"": 0.3637862564065858, ""K=15,tau=0.2"": 0.3133621908977693, ""K=15,tau=0.5"": 0.27436420472446627, ""K=3,tau=0.03"": 0.35634993977812646, ""K=3,tau=0.05"": 0.35958484521867723, ""K=3,tau=0.1"": 0.35277719211214276, ""K=3,tau=0.2"": 0.342260765960124, ""K=3,tau=0.5"": 0.333362285785168, ""K=5,tau=0.03"": 0.37998554717964667, ""K=5,tau=0.05"": 0.39756184270888506, ""K=5,tau=0.1"": 0.3991312991619261, ""K=5,tau=0.2"": 0.38904289495988487, ""K=5,tau=0.5"": 0.37970123119446153, ""K=7,tau=0.03"": 0.3805782582166127, ""K=7,tau=0.05"": 0.3950334095668964, ""K=7,tau=0.1"": 0.3868628187268982, ""K=7,tau=0.2"": 0.36789041024897595, ""K=7,tau=0.5"": 0.35278681908964754}",7ceffde4e4dcacff,0.22448979591836735
B2_tuned,e5_base_v2,E5-base-v2,30,1,SoftmaxKNN,5,0.05,False,True,train_inner_tuned_nested,2199,1759,440,550,0.4084450822834672,"3,5,7,10,15","0.03,0.05,0.1,0.2,0.5","{""K=10,tau=0.03"": 0.3940483365771405, ""K=10,tau=0.05"": 0.40462854619191885, ""K=10,tau=0.1"": 0.38239891002270326, ""K=10,tau=0.2"": 0.34823380899558704, ""K=10,tau=0.5"": 0.3228602110480303, ""K=15,tau=0.03"": 0.3919606880611713, ""K=15,tau=0.05"": 0.40059909215860834, ""K=15,tau=0.1"": 0.3688595878708934, ""K=15,tau=0.2"": 0.3157215290599135, ""K=15,tau=0.5"": 0.2745743600396269, ""K=3,tau=0.03"": 0.3707216764221693, ""K=3,tau=0.05"": 0.3741150755153475, ""K=3,tau=0.1"": 0.36718227309925283, ""K=3,tau=0.2"": 0.3562844321998248, ""K=3,tau=0.5"": 0.3470298146280206, ""K=5,tau=0.03"": 0.39263521385553524, ""K=5,tau=0.05"": 0.4084450822834672, ""K=5,tau=0.1"": 0.4077105966604908, ""K=5,tau=0.2"": 0.39614015851961726, ""K=5,tau=0.5"": 0.3858342597175629, ""K=7,tau=0.03"": 0.3930779082717578, ""K=7,tau=0.05"": 0.4058512222432486, ""K=7,tau=0.1"": 0.3957065091094917, ""K=7,tau=0.2"": 0.3751561045874123, ""K=7,tau=0.5"": 0.3589086500166281}",7ceffde4e4dcacff,0.22448979591836735
B2_tuned,e5_base_v2,E5-base-v2,30,2,SoftmaxKNN,5,0.1,False,True,train_inner_tuned_nested,2199,1759,440,550,0.4029105818768042,"3,5,7,10,15","0.03,0.05,0.1,0.2,0.5","{""K=10,tau=0.03"": 0.38894844066963546, ""K=10,tau=0.05"": 0.3998758812329018, ""K=10,tau=0.1"": 0.3787224419960926, ""K=10,tau=0.2"": 0.346042263997853, ""K=10,tau=0.5"": 0.321793383509271, ""K=15,tau=0.03"": 0.38802728832365774, ""K=15,tau=0.05"": 0.39746893762262236, ""K=15,tau=0.1"": 0.3671654787335789, ""K=15,tau=0.2"": 0.31689412359140506, ""K=15,tau=0.5"": 0.27807921958509196, ""K=3,tau=0.03"": 0.3649770432467746, ""K=3,tau=0.05"": 0.3674295316894332, ""K=3,tau=0.1"": 0.35980035085760603, ""K=3,tau=0.2"": 0.3487976291785317, ""K=3,tau=0.5"": 0.3395929212958993, ""K=5,tau=0.03"": 0.38697826917568245, ""K=5,tau=0.05"": 0.4028753190101861, ""K=5,tau=0.1"": 0.4029105818768042, ""K=5,tau=0.2"": 0.392049485844849, ""K=5,tau=0.5"": 0.3822457094099108, ""K=7,tau=0.03"": 0.38802310118733563, ""K=7,tau=0.05"": 0.4014465592386753, ""K=7,tau=0.1"": 0.39264479973439764, ""K=7,tau=0.2"": 0.3732575229372564, ""K=7,tau=0.5"": 0.3578624221173186}",7ceffde4e4dcacff,0.22448979591836735
B2_tuned,e5_base_v2,E5-base-v2,30,3,SoftmaxKNN,5,0.1,False,True,train_inner_tuned_nested,2199,1759,440,550,0.40103952911925556,"3,5,7,10,15","0.03,0.05,0.1,0.2,0.5","{""K=10,tau=0.03"": 0.38266626774336293, ""K=10,tau=0.05"": 0.3959828608689417, ""K=10,tau=0.1"": 0.37693560505277374, ""K=10,tau=0.2"": 0.3445993535944723, ""K=10,tau=0.5"": 0.320295730757469, ""K=15,tau=0.03"": 0.3818188899366802, ""K=15,tau=0.05"": 0.3936868726770926, ""K=15,tau=0.1"": 0.36605845267548487, ""K=15,tau=0.2"": 0.3159049744540683, ""K=15,tau=0.5"": 0.2767505651020324, ""K=3,tau=0.03"": 0.35631912068048, ""K=3,tau=0.05"": 0.36010268662341, ""K=3,tau=0.1"": 0.3539087430492073, ""K=3,tau=0.2"": 0.3436777147333574, ""K=3,tau=0.5"": 0.33492104473288686, ""K=5,tau=0.03"": 0.3803928216368092, ""K=5,tau=0.05"": 0.39874638267469054, ""K=5,tau=0.1"": 0.40103952911925556, ""K=5,tau=0.2"": 0.3911961124478434, ""K=5,tau=0.5"": 0.3819362977320384, ""K=7,tau=0.03"": 0.38194542662817893, ""K=7,tau=0.05"": 0.39792787704866595, ""K=7,tau=0.1"": 0.391431307401635, ""K=7,tau=0.2"": 0.3728234346804301, ""K=7,tau=0.5"": 0.35764640721261354}",7ceffde4e4dcacff,0.22448979591836735
B2_tuned,e5_base_v2,E5-base-v2,30,4,SoftmaxKNN,5,0.1,False,True,train_inner_tuned_nested,2200,1760,440,549,0.41129170213797467,"3,5,7,10,15","0.03,0.05,0.1,0.2,0.5","{""K=10,tau=0.03"": 0.3926391168976685, ""K=10,tau=0.05"": 0.40494048283097633, ""K=10,tau=0.1"": 0.3838758453974951, ""K=10,tau=0.2"": 0.34999912883600093, ""K=10,tau=0.5"": 0.3247862415093825, ""K=15,tau=0.03"": 0.39103769159160595, ""K=15,tau=0.05"": 0.4019892196108877, ""K=15,tau=0.1"": 0.37289645249643216, ""K=15,tau=0.2"": 0.3215569449333266, ""K=15,tau=0.5"": 0.28163073520176324, ""K=3,tau=0.03"": 0.36740864764388315, ""K=3,tau=0.05"": 0.371358400058161, ""K=3,tau=0.1"": 0.3652478411517807, ""K=3,tau=0.2"": 0.35488556674084937, ""K=3,tau=0.5"": 0.3459752476943638, ""K=5,tau=0.03"": 0.39101593172286875, ""K=5,tau=0.05"": 0.4091299157039389, ""K=5,tau=0.1"": 0.41129170213797467, ""K=5,tau=0.2"": 0.4012568556807193, ""K=5,tau=0.5"": 0.39177936368458827, ""K=7,tau=0.03"": 0.3921092136948739, ""K=7,tau=0.05"": 0.4072781828989297, ""K=7,tau=0.1"": 0.3993691301876979, ""K=7,tau=0.2"": 0.37960378172701126, ""K=7,tau=0.5"": 0.36366002351455773}",7ceffde4e4dcacff,0.22448979591836735
B2_tuned,minilm_l6_v2,MiniLM-L6-v2,30,0,SoftmaxKNN,10,0.1,False,True,train_inner_tuned_nested,2199,1759,440,550,0.3949665598519507,"3,5,7,10,15","0.03,0.05,0.1,0.2,0.5","{""K=10,tau=0.03"": 0.37054535305152664, ""K=10,tau=0.05"": 0.38134066087685226, ""K=10,tau=0.1"": 0.3949665598519507, ""K=10,tau=0.2"": 0.3873849371390971, ""K=10,tau=0.5"": 0.34044305626178484, ""K=15,tau=0.03"": 0.37075241823380295, ""K=15,tau=0.05"": 0.38174042338140035, ""K=15,tau=0.1"": 0.39276859050417545, ""K=15,tau=0.2"": 0.388039757904201, ""K=15,tau=0.5"": 0.3366360945416201, ""K=3,tau=0.03"": 0.3670759901425328, ""K=3,tau=0.05"": 0.37636874800973513, ""K=3,tau=0.1"": 0.3899921600204883, ""K=3,tau=0.2"": 0.39189930159622627, ""K=3,tau=0.5"": 0.37631231349258754, ""K=5,tau=0.03"": 0.3697149566068035, ""K=5,tau=0.05"": 0.37975666812873315, ""K=5,tau=0.1"": 0.3947068304528599, ""K=5,tau=0.2"": 0.3937142217244136, ""K=5,tau=0.5"": 0.36627565843555215, ""K=7,tau=0.03"": 0.3702379370593587, ""K=7,tau=0.05"": 0.38063223623292736, ""K=7,tau=0.1"": 0.3949633847068836, ""K=7,tau=0.2"": 0.38986347230206697, ""K=7,tau=0.5"": 0.35312365377914684}",bad524b73607dd87,0.2
B2_tuned,minilm_l6_v2,MiniLM-L6-v2,30,1,SoftmaxKNN,5,0.1,False,True,train_inner_tuned_nested,2199,1759,440,550,0.4064239793269578,"3,5,7,10,15","0.03,0.05,0.1,0.2,0.5","{""K=10,tau=0.03"": 0.3836669433409111, ""K=10,tau=0.05"": 0.3941260432891894, ""K=10,tau=0.1"": 0.40514504616608893, ""K=10,tau=0.2"": 0.3945757019353505, ""K=10,tau=0.5"": 0.3441004523165015, ""K=15,tau=0.03"": 0.3838805081266015, ""K=15,tau=0.05"": 0.39446112708919606, ""K=15,tau=0.1"": 0.4022975227717592, ""K=15,tau=0.2"": 0.39244869717041087, ""K=15,tau=0.5"": 0.3335988359884611, ""K=3,tau=0.03"": 0.38009568826578083, ""K=3,tau=0.05"": 0.38920584944820497, ""K=3,tau=0.1"": 0.40096908533699843, ""K=3,tau=0.2"": 0.40020798195393525, ""K=3,tau=0.5"": 0.3815898493467996, ""K=5,tau=0.03"": 0.38293067768420735, ""K=5,tau=0.05"": 0.3929144010062397, ""K=5,tau=0.1"": 0.4064239793269578, ""K=5,tau=0.2"": 0.40425858150871247, ""K=5,tau=0.5"": 0.3755052829593391, ""K=7,tau=0.03"": 0.38337733473070174, ""K=7,tau=0.05"": 0.39351076386764766, ""K=7,tau=0.1"": 0.4057015227635923, ""K=7,tau=0.2"": 0.39857095483357247, ""K=7,tau=0.5"": 0.3598981836203132}",bad524b73607dd87,0.2
B2_tuned,minilm_l6_v2,MiniLM-L6-v2,30,2,SoftmaxKNN,5,0.1,False,True,train_inner_tuned_nested,2199,1759,440,550,0.4029820810167232,"3,5,7,10,15","0.03,0.05,0.1,0.2,0.5","{""K=10,tau=0.03"": 0.3818151108552004, ""K=10,tau=0.05"": 0.3913278428288949, ""K=10,tau=0.1"": 0.4028094394788957, ""K=10,tau=0.2"": 0.3932762930733668, ""K=10,tau=0.5"": 0.341912516467182, ""K=15,tau=0.03"": 0.3820114057683044, ""K=15,tau=0.05"": 0.3915814434977524, ""K=15,tau=0.1"": 0.39989398457818787, ""K=15,tau=0.2"": 0.39102396433418535, ""K=15,tau=0.5"": 0.3304044826532235, ""K=3,tau=0.03"": 0.3785544090157481, ""K=3,tau=0.05"": 0.38738581069116257, ""K=3,tau=0.1"": 0.3997314423669751, ""K=3,tau=0.2"": 0.40005982956691855, ""K=3,tau=0.5"": 0.38179549644574096, ""K=5,tau=0.03"": 0.3809850453626654, ""K=5,tau=0.05"": 0.39002698298052935, ""K=5,tau=0.1"": 0.4029820810167232, ""K=5,tau=0.2"": 0.4000922146159411, ""K=5,tau=0.5"": 0.3693718548688127, ""K=7,tau=0.03"": 0.3815010031397373, ""K=7,tau=0.05"": 0.39067430714229834, ""K=7,tau=0.1"": 0.40283233129419166, ""K=7,tau=0.2"": 0.396280179160409, ""K=7,tau=0.5"": 0.3568145909356024}",bad524b73607dd87,0.2
B2_tuned,minilm_l6_v2,MiniLM-L6-v2,30,3,SoftmaxKNN,5,0.2,False,True,train_inner_tuned_nested,2199,1759,440,550,0.4008832192666621,"3,5,7,10,15","0.03,0.05,0.1,0.2,0.5","{""K=10,tau=0.03"": 0.3764345193602568, ""K=10,tau=0.05"": 0.3864965300071949, ""K=10,tau=0.1"": 0.398611161399474, ""K=10,tau=0.2"": 0.39187772073067195, ""K=10,tau=0.5"": 0.3453794850768053, ""K=15,tau=0.03"": 0.3766334751788369, ""K=15,tau=0.05"": 0.3867287503829813, ""K=15,tau=0.1"": 0.3955419175904077, ""K=15,tau=0.2"": 0.3902843010154904, ""K=15,tau=0.5"": 0.3364892517894985, ""K=3,tau=0.03"": 0.37273102759426213, ""K=3,tau=0.05"": 0.3820729556100092, ""K=3,tau=0.1"": 0.39523847052773947, ""K=3,tau=0.2"": 0.3973138381421104, ""K=3,tau=0.5"": 0.381749171424729, ""K=5,tau=0.03"": 0.37573919826861674, ""K=5,tau=0.05"": 0.38574188672023607, ""K=5,tau=0.1"": 0.4005671168140824, ""K=5,tau=0.2"": 0.4008832192666621, ""K=5,tau=0.5"": 0.37406857140770255, ""K=7,tau=0.03"": 0.3761434969196813, ""K=7,tau=0.05"": 0.38596668430814146, ""K=7,tau=0.1"": 0.3989228067863143, ""K=7,tau=0.2"": 0.39392843641743336, ""K=7,tau=0.5"": 0.3567886195199162}",bad524b73607dd87,0.2
B2_tuned,minilm_l6_v2,MiniLM-L6-v2,30,4,SoftmaxKNN,5,0.1,False,True,train_inner_tuned_nested,2200,1760,440,549,0.40809533134651144,"3,5,7,10,15","0.03,0.05,0.1,0.2,0.5","{""K=10,tau=0.03"": 0.38809038636420384, ""K=10,tau=0.05"": 0.396402965397485, ""K=10,tau=0.1"": 0.40745712091636577, ""K=10,tau=0.2"": 0.4016594457190785, ""K=10,tau=0.5"": 0.355754341737161, ""K=15,tau=0.03"": 0.38826024531748426, ""K=15,tau=0.05"": 0.39634394775334897, ""K=15,tau=0.1"": 0.4025622234266823, ""K=15,tau=0.2"": 0.3952359384220507, ""K=15,tau=0.5"": 0.3386612371718916, ""K=3,tau=0.03"": 0.3847914993304403, ""K=3,tau=0.05"": 0.3924747607135073, ""K=3,tau=0.1"": 0.403501858209489, ""K=3,tau=0.2"": 0.4037701740961036, ""K=3,tau=0.5"": 0.38613265412002257, ""K=5,tau=0.03"": 0.38738653640092857, ""K=5,tau=0.05"": 0.3954718746881407, ""K=5,tau=0.1"": 0.40809533134651144, ""K=5,tau=0.2"": 0.4071237897710198, ""K=5,tau=0.5"": 0.3787623519263072, ""K=7,tau=0.03"": 0.3877834125233554, ""K=7,tau=0.05"": 0.39577439482084303, ""K=7,tau=0.1"": 0.40720713959772215, ""K=7,tau=0.2"": 0.4025766338455137, ""K=7,tau=0.5"": 0.36625481406796817}",bad524b73607dd87,0.2
B2_tuned,mpnet_base_v2,MPNet-base-v2,30,0,SoftmaxKNN,5,0.2,False,True,train_inner_tuned_nested,2199,1759,440,550,0.42529625502230306,"3,5,7,10,15","0.03,0.05,0.1,0.2,0.5","{""K=10,tau=0.03"": 0.38279013293998515, ""K=10,tau=0.05"": 0.40153647016938926, ""K=10,tau=0.1"": 0.4138065033340151, ""K=10,tau=0.2"": 0.4050382301209067, ""K=10,tau=0.5"": 0.3587646473689984, ""K=15,tau=0.03"": 0.38342573590355483, ""K=15,tau=0.05"": 0.40391435176478613, ""K=15,tau=0.1"": 0.4161031215853744, ""K=15,tau=0.2"": 0.40920562110257114, ""K=15,tau=0.5"": 0.35412363586446766, ""K=3,tau=0.03"": 0.3785373835765636, ""K=3,tau=0.05"": 0.39427511479912297, ""K=3,tau=0.1"": 0.40900809023689644, ""K=3,tau=0.2"": 0.41057187069402806, ""K=3,tau=0.5"": 0.3985722226809782, ""K=5,tau=0.03"": 0.38149150816828015, ""K=5,tau=0.05"": 0.4005809101917478, ""K=5,tau=0.1"": 0.42007988445513816, ""K=5,tau=0.2"": 0.42529625502230306, ""K=5,tau=0.5"": 0.41031870740162585, ""K=7,tau=0.03"": 0.38253962805295955, ""K=7,tau=0.05"": 0.4011390871118806, ""K=7,tau=0.1"": 0.4153772247643963, ""K=7,tau=0.2"": 0.41066248838204605, ""K=7,tau=0.5"": 0.38007385673454835}",e516e4a7976f9b63,0.30434782608695654
B2_tuned,mpnet_base_v2,MPNet-base-v2,30,1,SoftmaxKNN,5,0.2,False,True,train_inner_tuned_nested,2199,1759,440,550,0.43540991310002203,"3,5,7,10,15","0.03,0.05,0.1,0.2,0.5","{""K=10,tau=0.03"": 0.39807504178928627, ""K=10,tau=0.05"": 0.4159504443609938, ""K=10,tau=0.1"": 0.4282892763744893, ""K=10,tau=0.2"": 0.4189097941339876, ""K=10,tau=0.5"": 0.37208471557713585, ""K=15,tau=0.03"": 0.3986458827196282, ""K=15,tau=0.05"": 0.41804195205655686, ""K=15,tau=0.1"": 0.43002655835228526, ""K=15,tau=0.2"": 0.42196696610454376, ""K=15,tau=0.5"": 0.36611975247179224, ""K=3,tau=0.03"": 0.39447931593798324, ""K=3,tau=0.05"": 0.4097315306347479, ""K=3,tau=0.1"": 0.42411805569355204, ""K=3,tau=0.2"": 0.42435293516044387, ""K=3,tau=0.5"": 0.4097482046572189, ""K=5,tau=0.03"": 0.3969650412152897, ""K=5,tau=0.05"": 0.41512701594827517, ""K=5,tau=0.1"": 0.4333568737012309, ""K=5,tau=0.2"": 0.43540991310002203, ""K=5,tau=0.5"": 0.4156973277688931, ""K=7,tau=0.03"": 0.3979007056747157, ""K=7,tau=0.05"": 0.4155792161314709, ""K=7,tau=0.1"": 0.42922277801462655, ""K=7,tau=0.2"": 0.4225348377506234, ""K=7,tau=0.5"": 0.3886842563984348}",e516e4a7976f9b63,0.30434782608695654
B2_tuned,mpnet_base_v2,MPNet-base-v2,30,2,SoftmaxKNN,5,0.2,False,True,train_inner_tuned_nested,2199,1759,440,550,0.4352075734151544,"3,5,7,10,15","0.03,0.05,0.1,0.2,0.5","{""K=10,tau=0.03"": 0.39573950810916914, ""K=10,tau=0.05"": 0.4141588327237527, ""K=10,tau=0.1"": 0.4252633004412398, ""K=10,tau=0.2"": 0.41502211429079916, ""K=10,tau=0.5"": 0.3671595669703747, ""K=15,tau=0.03"": 0.39637815638415325, ""K=15,tau=0.05"": 0.41651832278443846, ""K=15,tau=0.1"": 0.4274069136415066, ""K=15,tau=0.2"": 0.41815032362111204, ""K=15,tau=0.5"": 0.3597746936010258, ""K=3,tau=0.03"": 0.3913951757459815, ""K=3,tau=0.05"": 0.4073278779492323, ""K=3,tau=0.1"": 0.4219658842363909, ""K=3,tau=0.2"": 0.42284144827673487, ""K=3,tau=0.5"": 0.40983851551878425, ""K=5,tau=0.03"": 0.39448017685283, ""K=5,tau=0.05"": 0.41341632148268076, ""K=5,tau=0.1"": 0.43175310834373026, ""K=5,tau=0.2"": 0.4352075734151544, ""K=5,tau=0.5"": 0.41802119698146684, ""K=7,tau=0.03"": 0.39540953375406174, ""K=7,tau=0.05"": 0.4136900927090009, ""K=7,tau=0.1"": 0.4269542733470541, ""K=7,tau=0.2"": 0.42164317715048066, ""K=7,tau=0.5"": 0.3909120045231545}",e516e4a7976f9b63,0.30434782608695654
B2_tuned,mpnet_base_v2,MPNet-base-v2,30,3,SoftmaxKNN,5,0.2,False,True,train_inner_tuned_nested,2199,1759,440,550,0.4287799272140292,"3,5,7,10,15","0.03,0.05,0.1,0.2,0.5","{""K=10,tau=0.03"": 0.3889161837751045, ""K=10,tau=0.05"": 0.4063611975756628, ""K=10,tau=0.1"": 0.4176059209884816, ""K=10,tau=0.2"": 0.41025739509333087, ""K=10,tau=0.5"": 0.36599102786134724, ""K=15,tau=0.03"": 0.3895493007125681, ""K=15,tau=0.05"": 0.4087742685025451, ""K=15,tau=0.1"": 0.41968509458284653, ""K=15,tau=0.2"": 0.4128761489652879, ""K=15,tau=0.5"": 0.35827378278403627, ""K=3,tau=0.03"": 0.3853819793790627, ""K=3,tau=0.05"": 0.4005551521572183, ""K=3,tau=0.1"": 0.4148634403893308, ""K=3,tau=0.2"": 0.41621658711701764, ""K=3,tau=0.5"": 0.4037533815251331, ""K=5,tau=0.03"": 0.38789984085281237, ""K=5,tau=0.05"": 0.4058895224698162, ""K=5,tau=0.1"": 0.4240725439670554, ""K=5,tau=0.2"": 0.4287799272140292, ""K=5,tau=0.5"": 0.41328284893041056, ""K=7,tau=0.03"": 0.3886798137458157, ""K=7,tau=0.05"": 0.4060072844388308, ""K=7,tau=0.1"": 0.41931314612064846, ""K=7,tau=0.2"": 0.41562842020472435, ""K=7,tau=0.5"": 0.3867352732178115}",e516e4a7976f9b63,0.30434782608695654
B2_tuned,mpnet_base_v2,MPNet-base-v2,30,4,SoftmaxKNN,5,0.2,False,True,train_inner_tuned_nested,2200,1760,440,549,0.4418649241659134,"3,5,7,10,15","0.03,0.05,0.1,0.2,0.5","{""K=10,tau=0.03"": 0.4017341018210529, ""K=10,tau=0.05"": 0.4182568787015061, ""K=10,tau=0.1"": 0.4287185481238326, ""K=10,tau=0.2"": 0.42120393406999523, ""K=10,tau=0.5"": 0.3752524823953785, ""K=15,tau=0.03"": 0.40237180855495114, ""K=15,tau=0.05"": 0.4205962299216743, ""K=15,tau=0.1"": 0.43086598936661763, ""K=15,tau=0.2"": 0.42496381919170717, ""K=15,tau=0.5"": 0.3701162000543271, ""K=3,tau=0.03"": 0.3979910447218004, ""K=3,tau=0.05"": 0.41226565896600176, ""K=3,tau=0.1"": 0.42577467430726346, ""K=3,tau=0.2"": 0.42684624512085556, ""K=3,tau=0.5"": 0.4140916867382899, ""K=5,tau=0.03"": 0.4007707610780772, ""K=5,tau=0.05"": 0.41813294146457786, ""K=5,tau=0.1"": 0.43635431045161976, ""K=5,tau=0.2"": 0.4418649241659134, ""K=5,tau=0.5"": 0.42645328351068823, ""K=7,tau=0.03"": 0.40162103078853073, ""K=7,tau=0.05"": 0.4182939382906637, ""K=7,tau=0.1"": 0.4313615520862767, ""K=7,tau=0.2"": 0.4281559027119659, ""K=7,tau=0.5"": 0.3985268632994704}",e516e4a7976f9b63,0.30434782608695654
B2_tuned,sbert_original,SBERT (original),30,0,SoftmaxKNN,7,0.2,False,True,train_inner_tuned_nested,2199,1759,440,550,0.37074979665889524,"3,5,7,10,15","0.03,0.05,0.1,0.2,0.5","{""K=10,tau=0.03"": 0.3088902840589208, ""K=10,tau=0.05"": 0.3248356800309911, ""K=10,tau=0.1"": 0.3521247150596024, ""K=10,tau=0.2"": 0.3602522425921046, ""K=10,tau=0.5"": 0.29890210166220504, ""K=15,tau=0.03"": 0.3089257071696781, ""K=15,tau=0.05"": 0.32494268728325126, ""K=15,tau=0.1"": 0.3520467000914576, ""K=15,tau=0.2"": 0.36485161634697894, ""K=15,tau=0.5"": 0.29736409314961104, ""K=3,tau=0.03"": 0.3055399728019895, ""K=3,tau=0.05"": 0.31629253905801835, ""K=3,tau=0.1"": 0.3341022406651265, ""K=3,tau=0.2"": 0.3445785597851939, ""K=3,tau=0.5"": 0.33190079452097854, ""K=5,tau=0.03"": 0.3084284811176296, ""K=5,tau=0.05"": 0.3242988257028208, ""K=5,tau=0.1"": 0.3526091914674577, ""K=5,tau=0.2"": 0.36658480958924694, ""K=5,tau=0.5"": 0.33469167154973045, ""K=7,tau=0.03"": 0.30896360687401614, ""K=7,tau=0.05"": 0.32559292642660914, ""K=7,tau=0.1"": 0.35575205531880233, ""K=7,tau=0.2"": 0.37074979665889524, ""K=7,tau=0.5"": 0.3291580379162705}",1ce15da48f8052fb,0.9354838709677419
B2_tuned,sbert_original,SBERT (original),30,1,SoftmaxKNN,7,0.2,False,True,train_inner_tuned_nested,2199,1759,440,550,0.3833480355877941,"3,5,7,10,15","0.03,0.05,0.1,0.2,0.5","{""K=10,tau=0.03"": 0.3174357219099776, ""K=10,tau=0.05"": 0.3336487032851658, ""K=10,tau=0.1"": 0.3623303948366294, ""K=10,tau=0.2"": 0.37184200403800494, ""K=10,tau=0.5"": 0.31155834693531087, ""K=15,tau=0.03"": 0.3174638420680141, ""K=15,tau=0.05"": 0.33370999417274183, ""K=15,tau=0.1"": 0.3621882070539586, ""K=15,tau=0.2"": 0.37665739581355345, ""K=15,tau=0.5"": 0.31065084206222704, ""K=3,tau=0.03"": 0.31434011617934215, ""K=3,tau=0.05"": 0.3254917045930325, ""K=3,tau=0.1"": 0.34458563130271164, ""K=3,tau=0.2"": 0.3559388094207779, ""K=3,tau=0.5"": 0.3436796904648959, ""K=5,tau=0.03"": 0.31710484267326533, ""K=5,tau=0.05"": 0.33350102928527897, ""K=5,tau=0.1"": 0.36367762608718873, ""K=5,tau=0.2"": 0.37883667908380353, ""K=5,tau=0.5"": 0.3475738133774199, ""K=7,tau=0.03"": 0.31754130879960263, ""K=7,tau=0.05"": 0.33457721233647947, ""K=7,tau=0.1"": 0.36664374212023937, ""K=7,tau=0.2"": 0.3833480355877941, ""K=7,tau=0.5"": 0.3429096107522105}",1ce15da48f8052fb,0.9354838709677419
B2_tuned,sbert_original,SBERT (original),30,2,SoftmaxKNN,7,0.2,False,True,train_inner_tuned_nested,2199,1759,440,550,0.38394847663591264,"3,5,7,10,15","0.03,0.05,0.1,0.2,0.5","{""K=10,tau=0.03"": 0.31574617452368864, ""K=10,tau=0.05"": 0.33370089727805075, ""K=10,tau=0.1"": 0.36373076820207373, ""K=10,tau=0.2"": 0.3723905488572637, ""K=10,tau=0.5"": 0.3089125788764087, ""K=15,tau=0.03"": 0.3157798620493149, ""K=15,tau=0.05"": 0.3338031404136808, ""K=15,tau=0.1"": 0.3637479937549959, ""K=15,tau=0.2"": 0.3779602995334146, ""K=15,tau=0.5"": 0.3105777179526308, ""K=3,tau=0.03"": 0.3118261810265168, ""K=3,tau=0.05"": 0.32405121295159905, ""K=3,tau=0.1"": 0.34329869886416337, ""K=3,tau=0.2"": 0.3534362056382951, ""K=3,tau=0.5"": 0.3393363261736142, ""K=5,tau=0.03"": 0.3152214697244768, ""K=5,tau=0.05"": 0.3328945294596844, ""K=5,tau=0.1"": 0.3633576430691312, ""K=5,tau=0.2"": 0.3777814692557496, ""K=5,tau=0.5"": 0.34455156882255145, ""K=7,tau=0.03"": 0.3158112595611341, ""K=7,tau=0.05"": 0.33444116632842824, ""K=7,tau=0.1"": 0.3675026516266143, ""K=7,tau=0.2"": 0.38394847663591264, ""K=7,tau=0.5"": 0.34197425085431865}",1ce15da48f8052fb,0.9354838709677419
B2_tuned,sbert_original,SBERT (original),30,3,SoftmaxKNN,7,0.2,False,True,train_inner_tuned_nested,2199,1759,440,550,0.37581479122948847,"3,5,7,10,15","0.03,0.05,0.1,0.2,0.5","{""K=10,tau=0.03"": 0.3102789984449422, ""K=10,tau=0.05"": 0.32688066294001566, ""K=10,tau=0.1"": 0.3545042719796639, ""K=10,tau=0.2"": 0.36124984139823263, ""K=10,tau=0.5"": 0.2953765889295274, ""K=15,tau=0.03"": 0.3103088213628111, ""K=15,tau=0.05"": 0.3269337330898656, ""K=15,tau=0.1"": 0.3545616112325726, ""K=15,tau=0.2"": 0.36756407486093673, ""K=15,tau=0.5"": 0.29791467533289795, ""K=3,tau=0.03"": 0.3068821549776761, ""K=3,tau=0.05"": 0.31852914802989546, ""K=3,tau=0.1"": 0.33729106991958147, ""K=3,tau=0.2"": 0.34802046713215873, ""K=3,tau=0.5"": 0.3347142340729639, ""K=5,tau=0.03"": 0.3099195632706165, ""K=5,tau=0.05"": 0.32684473539782266, ""K=5,tau=0.1"": 0.3565188633424333, ""K=5,tau=0.2"": 0.37136849689753043, ""K=5,tau=0.5"": 0.338742852922936, ""K=7,tau=0.03"": 0.31040050700895044, ""K=7,tau=0.05"": 0.3279498541186478, ""K=7,tau=0.1"": 0.3595178347242781, ""K=7,tau=0.2"": 0.37581479122948847, ""K=7,tau=0.5"": 0.33404719895413604}",1ce15da48f8052fb,0.9354838709677419
B2_tuned,sbert_original,SBERT (original),30,4,SoftmaxKNN,7,0.2,False,True,train_inner_tuned_nested,2200,1760,440,549,0.38461096847656073,"3,5,7,10,15","0.03,0.05,0.1,0.2,0.5","{""K=10,tau=0.03"": 0.31847898447061357, ""K=10,tau=0.05"": 0.33608701913956057, ""K=10,tau=0.1"": 0.3645874356224132, ""K=10,tau=0.2"": 0.37233878138993604, ""K=10,tau=0.5"": 0.31069586831495155, ""K=15,tau=0.03"": 0.3185130230496381, ""K=15,tau=0.05"": 0.33617786778193925, ""K=15,tau=0.1"": 0.3643539128727065, ""K=15,tau=0.2"": 0.3772672059617587, ""K=15,tau=0.5"": 0.3113457387179093, ""K=3,tau=0.03"": 0.31483313843041777, ""K=3,tau=0.05"": 0.3265801799944912, ""K=3,tau=0.1"": 0.3451027047606642, ""K=3,tau=0.2"": 0.35519670065690817, ""K=3,tau=0.5"": 0.3419489187137849, ""K=5,tau=0.03"": 0.31781295920662755, ""K=5,tau=0.05"": 0.334932843818054, ""K=5,tau=0.1"": 0.3639442222167536, ""K=5,tau=0.2"": 0.37644899784522073, ""K=5,tau=0.5"": 0.3414374030422373, ""K=7,tau=0.03"": 0.31855577973828747, ""K=7,tau=0.05"": 0.33695877372193667, ""K=7,tau=0.1"": 0.36913202955943053, ""K=7,tau=0.2"": 0.38461096847656073, ""K=7,tau=0.5"": 0.34260394201623967}",1ce15da48f8052fb,0.9354838709677419
B2_tuned,bge_base_en_v15,BGE-base-en-v1.5,50,0,SoftmaxKNN,10,0.1,False,True,train_inner_tuned_nested,2199,1759,440,550,0.4578122851123875,"3,5,7,10,15","0.03,0.05,0.1,0.2,0.5","{""K=10,tau=0.03"": 0.4112806390854244, ""K=10,tau=0.05"": 0.43843944597053974, ""K=10,tau=0.1"": 0.4578122851123875, ""K=10,tau=0.2"": 0.44443804987716823, ""K=10,tau=0.5"": 0.41836286561537356, ""K=15,tau=0.03"": 0.4118171483475923, ""K=15,tau=0.05"": 0.4368335949790501, ""K=15,tau=0.1"": 0.45120680755045417, ""K=15,tau=0.2"": 0.4257707570807708, ""K=15,tau=0.5"": 0.3850047330815281, ""K=3,tau=0.03"": 0.3917592268680667, ""K=3,tau=0.05"": 0.403011851172814, ""K=3,tau=0.1"": 0.4020852778718414, ""K=3,tau=0.2"": 0.38460539096025387, ""K=3,tau=0.5"": 0.36209771820599274, ""K=5,tau=0.03"": 0.40617267184501976, ""K=5,tau=0.05"": 0.42940520069245364, ""K=5,tau=0.1"": 0.44148113364546, ""K=5,tau=0.2"": 0.4277455859609987, ""K=5,tau=0.5"": 0.40473637405100166, ""K=7,tau=0.03"": 0.408662353802999, ""K=7,tau=0.05"": 0.43286382067326745, ""K=7,tau=0.1"": 0.446351934809061, ""K=7,tau=0.2"": 0.4317603860606075, ""K=7,tau=0.5"": 0.40749010735399827}",6eea9f717fd92763,0.5151515151515151
B2_tuned,bge_base_en_v15,BGE-base-en-v1.5,50,1,SoftmaxKNN,10,0.1,False,True,train_inner_tuned_nested,2199,1759,440,550,0.46660601424698794,"3,5,7,10,15","0.03,0.05,0.1,0.2,0.5","{""K=10,tau=0.03"": 0.4209395585919519, ""K=10,tau=0.05"": 0.44717516834006954, ""K=10,tau=0.1"": 0.46660601424698794, ""K=10,tau=0.2"": 0.45367622393761026, ""K=10,tau=0.5"": 0.42790041117185845, ""K=15,tau=0.03"": 0.42133106430756767, ""K=15,tau=0.05"": 0.4453441573024706, ""K=15,tau=0.1"": 0.45899285726243727, ""K=15,tau=0.2"": 0.43300565630584603, ""K=15,tau=0.5"": 0.391989159461995, ""K=3,tau=0.03"": 0.40240837006932023, ""K=3,tau=0.05"": 0.41315250260615694, ""K=3,tau=0.1"": 0.4114140303394823, ""K=3,tau=0.2"": 0.3940694708073472, ""K=3,tau=0.5"": 0.37194073154499074, ""K=5,tau=0.03"": 0.41609455125188477, ""K=5,tau=0.05"": 0.43773918794120636, ""K=5,tau=0.1"": 0.4476793893218839, ""K=5,tau=0.2"": 0.43305193507494316, ""K=5,tau=0.5"": 0.40998303696807825, ""K=7,tau=0.03"": 0.4182476428563648, ""K=7,tau=0.05"": 0.4410112347486787, ""K=7,tau=0.1"": 0.45286085074341687, ""K=7,tau=0.2"": 0.4375841766739123, ""K=7,tau=0.5"": 0.4130245786017627}",6eea9f717fd92763,0.5151515151515151
B2_tuned,bge_base_en_v15,BGE-base-en-v1.5,50,2,SoftmaxKNN,10,0.1,False,True,train_inner_tuned_nested,2199,1759,440,550,0.46938964370546443,"3,5,7,10,15","0.03,0.05,0.1,0.2,0.5","{""K=10,tau=0.03"": 0.42230537357742937, ""K=10,tau=0.05"": 0.4490668890716752, ""K=10,tau=0.1"": 0.46938964370546443, ""K=10,tau=0.2"": 0.45604056300529994, ""K=10,tau=0.5"": 0.42959861290292567, ""K=15,tau=0.03"": 0.42258116545266866, ""K=15,tau=0.05"": 0.4464691771504421, ""K=15,tau=0.1"": 0.45984460398293386, ""K=15,tau=0.2"": 0.4320727453451454, ""K=15,tau=0.5"": 0.3895040362861426, ""K=3,tau=0.03"": 0.4031821825835213, ""K=3,tau=0.05"": 0.4145685410608174, ""K=3,tau=0.1"": 0.41349300942172307, ""K=3,tau=0.2"": 0.3959550821714767, ""K=3,tau=0.5"": 0.3732446989908816, ""K=5,tau=0.03"": 0.41747296345308005, ""K=5,tau=0.05"": 0.44028370705919934, ""K=5,tau=0.1"": 0.45183063131816553, ""K=5,tau=0.2"": 0.43729035611666917, ""K=5,tau=0.5"": 0.4133185098982325, ""K=7,tau=0.03"": 0.4196474233906881, ""K=7,tau=0.05"": 0.44308826471814705, ""K=7,tau=0.1"": 0.4561563934366431, ""K=7,tau=0.2"": 0.4409329462948972, ""K=7,tau=0.5"": 0.41563130752021327}",6eea9f717fd92763,0.5151515151515151
B2_tuned,bge_base_en_v15,BGE-base-en-v1.5,50,3,SoftmaxKNN,10,0.1,False,True,train_inner_tuned_nested,2199,1759,440,550,0.4533647098991487,"3,5,7,10,15","0.03,0.05,0.1,0.2,0.5","{""K=10,tau=0.03"": 0.4091824937791434, ""K=10,tau=0.05"": 0.4351463702991512, ""K=10,tau=0.1"": 0.4533647098991487, ""K=10,tau=0.2"": 0.43981771585775054, ""K=10,tau=0.5"": 0.4137693405974369, ""K=15,tau=0.03"": 0.4096038281660899, ""K=15,tau=0.05"": 0.43338014754767673, ""K=15,tau=0.1"": 0.44656349878496354, ""K=15,tau=0.2"": 0.4213315551872724, ""K=15,tau=0.5"": 0.380968048679384, ""K=3,tau=0.03"": 0.39013532043267607, ""K=3,tau=0.05"": 0.40019108535899056, ""K=3,tau=0.1"": 0.3968559866095676, ""K=3,tau=0.2"": 0.3775443164312664, ""K=3,tau=0.5"": 0.35383750439903694, ""K=5,tau=0.03"": 0.40416736182345453, ""K=5,tau=0.05"": 0.42621585681045904, ""K=5,tau=0.1"": 0.4363428223546302, ""K=5,tau=0.2"": 0.4215457387676173, ""K=5,tau=0.5"": 0.3982866983044381, ""K=7,tau=0.03"": 0.4062758466683477, ""K=7,tau=0.05"": 0.4285518833390073, ""K=7,tau=0.1"": 0.4389399777624806, ""K=7,tau=0.2"": 0.4223379822317769, ""K=7,tau=0.5"": 0.3968672510587394}",6eea9f717fd92763,0.5151515151515151
B2_tuned,bge_base_en_v15,BGE-base-en-v1.5,50,4,SoftmaxKNN,10,0.1,False,True,train_inner_tuned_nested,2200,1760,440,549,0.4748957250595411,"3,5,7,10,15","0.03,0.05,0.1,0.2,0.5","{""K=10,tau=0.03"": 0.425046102301392, ""K=10,tau=0.05"": 0.45345364997370646, ""K=10,tau=0.1"": 0.4748957250595411, ""K=10,tau=0.2"": 0.4624827454706464, ""K=10,tau=0.5"": 0.43577603426427275, ""K=15,tau=0.03"": 0.42530991062868634, ""K=15,tau=0.05"": 0.45102372602776886, ""K=15,tau=0.1"": 0.46664163374020684, ""K=15,tau=0.2"": 0.4414928531422184, ""K=15,tau=0.5"": 0.3995687899063421, ""K=3,tau=0.03"": 0.403952646282929, ""K=3,tau=0.05"": 0.4154575522729076, ""K=3,tau=0.1"": 0.4141521910791752, ""K=3,tau=0.2"": 0.39635189333734455, ""K=3,tau=0.5"": 0.3732339272327647, ""K=5,tau=0.03"": 0.4198706938850444, ""K=5,tau=0.05"": 0.4444418089168082, ""K=5,tau=0.1"": 0.45837964030976336, ""K=5,tau=0.2"": 0.44685617389622445, ""K=5,tau=0.5"": 0.425023047460523, ""K=7,tau=0.03"": 0.42237269015581175, ""K=7,tau=0.05"": 0.4475459294632115, ""K=7,tau=0.1"": 0.4623172607165275, ""K=7,tau=0.2"": 0.4490329679553844, ""K=7,tau=0.5"": 0.42473495945805095}",6eea9f717fd92763,0.5151515151515151
B2_tuned,e5_base_v2,E5-base-v2,50,0,SoftmaxKNN,10,0.05,False,True,train_inner_tuned_nested,2199,1759,440,550,0.45832620868259055,"3,5,7,10,15","0.03,0.05,0.1,0.2,0.5","{""K=10,tau=0.03"": 0.4355374951926921, ""K=10,tau=0.05"": 0.45832620868259055, ""K=10,tau=0.1"": 0.4521287331252887, ""K=10,tau=0.2"": 0.429496484245943, ""K=10,tau=0.5"": 0.4119879000099221, ""K=15,tau=0.03"": 0.43390414873825334, ""K=15,tau=0.05"": 0.4548822083029181, ""K=15,tau=0.1"": 0.4340332502076773, ""K=15,tau=0.2"": 0.3967201213607771, ""K=15,tau=0.5"": 0.3702106042201379, ""K=3,tau=0.03"": 0.3964969364789183, ""K=3,tau=0.05"": 0.39046303095042123, ""K=3,tau=0.1"": 0.37222206243133205, ""K=3,tau=0.2"": 0.35407866111402786, ""K=3,tau=0.5"": 0.3401717946796402, ""K=5,tau=0.03"": 0.42402244021592794, ""K=5,tau=0.05"": 0.438259721530711, ""K=5,tau=0.1"": 0.4372241262657848, ""K=5,tau=0.2"": 0.4257584246804452, ""K=5,tau=0.5"": 0.4156768079446711, ""K=7,tau=0.03"": 0.4348163761573682, ""K=7,tau=0.05"": 0.45598007357983084, ""K=7,tau=0.1"": 0.4551018394215934, ""K=7,tau=0.2"": 0.4399192674281051, ""K=7,tau=0.5"": 0.4272551868854264}",5ae9976a061dca51,0.4492753623188406
B2_tuned,e5_base_v2,E5-base-v2,50,1,SoftmaxKNN,10,0.05,False,True,train_inner_tuned_nested,2199,1759,440,550,0.466049262671431,"3,5,7,10,15","0.03,0.05,0.1,0.2,0.5","{""K=10,tau=0.03"": 0.44530757563166634, ""K=10,tau=0.05"": 0.466049262671431, ""K=10,tau=0.1"": 0.45672399719837825, ""K=10,tau=0.2"": 0.43169332468803023, ""K=10,tau=0.5"": 0.41257556414998287, ""K=15,tau=0.03"": 0.4424655492042434, ""K=15,tau=0.05"": 0.4613377832903827, ""K=15,tau=0.1"": 0.4380348177623599, ""K=15,tau=0.2"": 0.3987648535143801, ""K=15,tau=0.5"": 0.3709703279684813, ""K=3,tau=0.03"": 0.4119012672213167, ""K=3,tau=0.05"": 0.4086312447613424, ""K=3,tau=0.1"": 0.39317398188394787, ""K=3,tau=0.2"": 0.3761470180725617, ""K=3,tau=0.5"": 0.36266142974035115, ""K=5,tau=0.03"": 0.43778194067335513, ""K=5,tau=0.05"": 0.4528282242427902, ""K=5,tau=0.1"": 0.4517298767183649, ""K=5,tau=0.2"": 0.4397537051857734, ""K=5,tau=0.5"": 0.42921907397407094, ""K=7,tau=0.03"": 0.4459506036757411, ""K=7,tau=0.05"": 0.46578259162902447, ""K=7,tau=0.1"": 0.4624854057651737, ""K=7,tau=0.2"": 0.44559502146018604, ""K=7,tau=0.5"": 0.4317933794157767}",5ae9976a061dca51,0.4492753623188406
B2_tuned,e5_base_v2,E5-base-v2,50,2,SoftmaxKNN,10,0.05,False,True,train_inner_tuned_nested,2199,1759,440,550,0.4657683376216874,"3,5,7,10,15","0.03,0.05,0.1,0.2,0.5","{""K=10,tau=0.03"": 0.4429493424523094, ""K=10,tau=0.05"": 0.4657683376216874, ""K=10,tau=0.1"": 0.45995141349446433, ""K=10,tau=0.2"": 0.43731080555581814, ""K=10,tau=0.5"": 0.41954555460105436, ""K=15,tau=0.03"": 0.44151493183585677, ""K=15,tau=0.05"": 0.462432181087832, ""K=15,tau=0.1"": 0.44230370239256633, ""K=15,tau=0.2"": 0.4052927849142813, ""K=15,tau=0.5"": 0.3787935563985206, ""K=3,tau=0.03"": 0.40574686569877727, ""K=3,tau=0.05"": 0.4017588872584357, ""K=3,tau=0.1"": 0.38560461493276427, ""K=3,tau=0.2"": 0.3684864696843444, ""K=3,tau=0.5"": 0.35510607040388875, ""K=5,tau=0.03"": 0.43230619693635136, ""K=5,tau=0.05"": 0.4478951168839234, ""K=5,tau=0.1"": 0.44792869381462364, ""K=5,tau=0.2"": 0.43680281772318424, ""K=5,tau=0.5"": 0.42682768481674904, ""K=7,tau=0.03"": 0.4424174725590812, ""K=7,tau=0.05"": 0.46404577629182997, ""K=7,tau=0.1"": 0.46360041837055904, ""K=7,tau=0.2"": 0.44855877593998833, ""K=7,tau=0.5"": 0.4358525598894448}",5ae9976a061dca51,0.4492753623188406
B2_tuned,e5_base_v2,E5-base-v2,50,3,SoftmaxKNN,7,0.1,False,True,train_inner_tuned_nested,2199,1759,440,550,0.461926870797975,"3,5,7,10,15","0.03,0.05,0.1,0.2,0.5","{""K=10,tau=0.03"": 0.4372417036633635, ""K=10,tau=0.05"": 0.460313062775023, ""K=10,tau=0.1"": 0.4545205483018227, ""K=10,tau=0.2"": 0.43103707540231495, ""K=10,tau=0.5"": 0.4124786468441247, ""K=15,tau=0.03"": 0.43546450156685973, ""K=15,tau=0.05"": 0.4570360200925934, ""K=15,tau=0.1"": 0.43737641185467396, ""K=15,tau=0.2"": 0.39922622907869515, ""K=15,tau=0.5"": 0.37176317781696766, ""K=3,tau=0.03"": 0.39857103932098636, ""K=3,tau=0.05"": 0.39320912286386533, ""K=3,tau=0.1"": 0.37591819710785374, ""K=3,tau=0.2"": 0.3582873356100778, ""K=3,tau=0.5"": 0.3446417165093055, ""K=5,tau=0.03"": 0.4265883533739744, ""K=5,tau=0.05"": 0.4425581873829675, ""K=5,tau=0.1"": 0.44348907725621, ""K=5,tau=0.2"": 0.43290157301969273, ""K=5,tau=0.5"": 0.4231905177593701, ""K=7,tau=0.03"": 0.43780332687649204, ""K=7,tau=0.05"": 0.4607973604564186, ""K=7,tau=0.1"": 0.461926870797975, ""K=7,tau=0.2"": 0.4472665964793796, ""K=7,tau=0.5"": 0.4345893798835112}",5ae9976a061dca51,0.4492753623188406
B2_tuned,e5_base_v2,E5-base-v2,50,4,SoftmaxKNN,7,0.1,False,True,train_inner_tuned_nested,2200,1760,440,549,0.4773764014948524,"3,5,7,10,15","0.03,0.05,0.1,0.2,0.5","{""K=10,tau=0.03"": 0.4526313366911325, ""K=10,tau=0.05"": 0.47610864592816743, ""K=10,tau=0.1"": 0.4698470397407542, ""K=10,tau=0.2"": 0.44585377496805256, ""K=10,tau=0.5"": 0.4269936860857411, ""K=15,tau=0.03"": 0.4498645058227894, ""K=15,tau=0.05"": 0.4711760640083911, ""K=15,tau=0.1"": 0.4496353708000088, ""K=15,tau=0.2"": 0.4106773493165099, ""K=15,tau=0.5"": 0.38289450796317026, ""K=3,tau=0.03"": 0.4144200910662359, ""K=3,tau=0.05"": 0.4095011466864627, ""K=3,tau=0.1"": 0.39234157488678995, ""K=3,tau=0.2"": 0.3743942821138053, ""K=3,tau=0.5"": 0.3603976380409335, ""K=5,tau=0.03"": 0.4430739080080262, ""K=5,tau=0.05"": 0.45966997378011565, ""K=5,tau=0.1"": 0.46098602096716706, ""K=5,tau=0.2"": 0.4502951739005193, ""K=5,tau=0.5"": 0.44041825645380506, ""K=7,tau=0.03"": 0.4533461027165609, ""K=7,tau=0.05"": 0.4765776633647291, ""K=7,tau=0.1"": 0.4773764014948524, ""K=7,tau=0.2"": 0.4621967247014676, ""K=7,tau=0.5"": 0.4491079393687903}",5ae9976a061dca51,0.4492753623188406
B2_tuned,minilm_l6_v2,MiniLM-L6-v2,50,0,SoftmaxKNN,5,0.2,False,True,train_inner_tuned_nested,2199,1759,440,550,0.4561094407256781,"3,5,7,10,15","0.03,0.05,0.1,0.2,0.5","{""K=10,tau=0.03"": 0.4191365069276693, ""K=10,tau=0.05"": 0.42574534767177724, ""K=10,tau=0.1"": 0.4436195256060808, ""K=10,tau=0.2"": 0.4494395640280142, ""K=10,tau=0.5"": 0.4177151976562922, ""K=15,tau=0.03"": 0.41912613722674713, ""K=15,tau=0.05"": 0.4251100661188947, ""K=15,tau=0.1"": 0.43916787768976656, ""K=15,tau=0.2"": 0.44229746373679535, ""K=15,tau=0.5"": 0.40335019187960036, ""K=3,tau=0.03"": 0.4187401728917478, ""K=3,tau=0.05"": 0.42444156689584456, ""K=3,tau=0.1"": 0.43642238061554706, ""K=3,tau=0.2"": 0.4390985203535984, ""K=3,tau=0.5"": 0.4235757144891397, ""K=5,tau=0.03"": 0.41873260046000477, ""K=5,tau=0.05"": 0.4255890311414215, ""K=5,tau=0.1"": 0.4453124664761506, ""K=5,tau=0.2"": 0.4561094407256781, ""K=5,tau=0.5"": 0.4406427644692004, ""K=7,tau=0.03"": 0.41918362207520576, ""K=7,tau=0.05"": 0.42621754729720196, ""K=7,tau=0.1"": 0.4453173100558585, ""K=7,tau=0.2"": 0.4538047674397908, ""K=7,tau=0.5"": 0.43111939933944954}",61a3f94b6fb57ce0,0.3333333333333333
B2_tuned,minilm_l6_v2,MiniLM-L6-v2,50,1,SoftmaxKNN,5,0.2,False,True,train_inner_tuned_nested,2199,1759,440,550,0.46306645790714074,"3,5,7,10,15","0.03,0.05,0.1,0.2,0.5","{""K=10,tau=0.03"": 0.43036101195597665, ""K=10,tau=0.05"": 0.4371836887151101, ""K=10,tau=0.1"": 0.45313035634797744, ""K=10,tau=0.2"": 0.4564515400045207, ""K=10,tau=0.5"": 0.4223814966927874, ""K=15,tau=0.03"": 0.4304068205388797, ""K=15,tau=0.05"": 0.43679101530811926, ""K=15,tau=0.1"": 0.4493615913870196, ""K=15,tau=0.2"": 0.450579282887983, ""K=15,tau=0.5"": 0.40876060729208863, ""K=3,tau=0.03"": 0.4294375346095579, ""K=3,tau=0.05"": 0.43492994091079884, ""K=3,tau=0.1"": 0.44472578099912063, ""K=3,tau=0.2"": 0.4435814645432465, ""K=3,tau=0.5"": 0.4234830966237567, ""K=5,tau=0.03"": 0.42996307202261336, ""K=5,tau=0.05"": 0.4371723625623563, ""K=5,tau=0.1"": 0.45528140021497654, ""K=5,tau=0.2"": 0.46306645790714074, ""K=5,tau=0.5"": 0.44364616714790917, ""K=7,tau=0.03"": 0.43044005308891, ""K=7,tau=0.05"": 0.4378928589159093, ""K=7,tau=0.1"": 0.4558647440922726, ""K=7,tau=0.2"": 0.4623885323543844, ""K=7,tau=0.5"": 0.4364746356666882}",61a3f94b6fb57ce0,0.3333333333333333
B2_tuned,minilm_l6_v2,MiniLM-L6-v2,50,2,SoftmaxKNN,7,0.2,False,True,train_inner_tuned_nested,2199,1759,440,550,0.46667053816057175,"3,5,7,10,15","0.03,0.05,0.1,0.2,0.5","{""K=10,tau=0.03"": 0.4304423846086416, ""K=10,tau=0.05"": 0.43630681579992303, ""K=10,tau=0.1"": 0.45378804990705757, ""K=10,tau=0.2"": 0.4597919080536104, ""K=10,tau=0.5"": 0.42645350337360904, ""K=15,tau=0.03"": 0.43043121335429035, ""K=15,tau=0.05"": 0.4356633116841044, ""K=15,tau=0.1"": 0.4495955825664197, ""K=15,tau=0.2"": 0.4529412100201736, ""K=15,tau=0.5"": 0.41036462150896863, ""K=3,tau=0.03"": 0.43008839576106167, ""K=3,tau=0.05"": 0.4354546261918454, ""K=3,tau=0.1"": 0.44730063162534084, ""K=3,tau=0.2"": 0.4499835658823476, ""K=3,tau=0.5"": 0.4329358382197467, ""K=5,tau=0.03"": 0.4301281236037537, ""K=5,tau=0.05"": 0.4366027009711058, ""K=5,tau=0.1"": 0.45588804207972233, ""K=5,tau=0.2"": 0.465790890933814, ""K=5,tau=0.5"": 0.44730182927415113, ""K=7,tau=0.03"": 0.4305824092687294, ""K=7,tau=0.05"": 0.4372423638806602, ""K=7,tau=0.1"": 0.45687773946001015, ""K=7,tau=0.2"": 0.46667053816057175, ""K=7,tau=0.5"": 0.44281868314957373}",61a3f94b6fb57ce0,0.3333333333333333
B2_tuned,minilm_l6_v2,MiniLM-L6-v2,50,3,SoftmaxKNN,5,0.2,False,True,train_inner_tuned_nested,2199,1759,440,550,0.46147542735129343,"3,5,7,10,15","0.03,0.05,0.1,0.2,0.5","{""K=10,tau=0.03"": 0.4216781641818903, ""K=10,tau=0.05"": 0.42699190170133544, ""K=10,tau=0.1"": 0.4438673361836074, ""K=10,tau=0.2"": 0.45115159622544443, ""K=10,tau=0.5"": 0.419341686098383, ""K=15,tau=0.03"": 0.42161627764445536, ""K=15,tau=0.05"": 0.4259901560331517, ""K=15,tau=0.1"": 0.4383495566794473, ""K=15,tau=0.2"": 0.44272830804665214, ""K=15,tau=0.5"": 0.40352843313732983, ""K=3,tau=0.03"": 0.4214615379285744, ""K=3,tau=0.05"": 0.426498142090499, ""K=3,tau=0.1"": 0.43849971886940536, ""K=3,tau=0.2"": 0.4424626750770634, ""K=3,tau=0.5"": 0.4271102857180208, ""K=5,tau=0.03"": 0.4214555141965152, ""K=5,tau=0.05"": 0.42764171552294267, ""K=5,tau=0.1"": 0.4479244073712102, ""K=5,tau=0.2"": 0.46147542735129343, ""K=5,tau=0.5"": 0.4475422295942353, ""K=7,tau=0.03"": 0.421819964450801, ""K=7,tau=0.05"": 0.4278925396178604, ""K=7,tau=0.1"": 0.446835088047265, ""K=7,tau=0.2"": 0.457051164481009, ""K=7,tau=0.5"": 0.43374239923751284}",61a3f94b6fb57ce0,0.3333333333333333
B2_tuned,minilm_l6_v2,MiniLM-L6-v2,50,4,SoftmaxKNN,5,0.2,False,True,train_inner_tuned_nested,2200,1760,440,549,0.46535485388241365,"3,5,7,10,15","0.03,0.05,0.1,0.2,0.5","{""K=10,tau=0.03"": 0.4328647957015373, ""K=10,tau=0.05"": 0.43658365488705125, ""K=10,tau=0.1"": 0.45200743628061457, ""K=10,tau=0.2"": 0.4602240472434615, ""K=10,tau=0.5"": 0.4309118842632588, ""K=15,tau=0.03"": 0.43286095275376296, ""K=15,tau=0.05"": 0.43587767699818414, ""K=15,tau=0.1"": 0.4472864583032365, ""K=15,tau=0.2"": 0.45273984218389723, ""K=15,tau=0.5"": 0.4141511870623457, ""K=3,tau=0.03"": 0.43286392048074196, ""K=3,tau=0.05"": 0.4367241919964313, ""K=3,tau=0.1"": 0.44665357166762965, ""K=3,tau=0.2"": 0.4487560557274728, ""K=3,tau=0.5"": 0.43234581240016906, ""K=5,tau=0.03"": 0.4326286643575975, ""K=5,tau=0.05"": 0.43710481559151954, ""K=5,tau=0.1"": 0.4543050236972387, ""K=5,tau=0.2"": 0.46535485388241365, ""K=5,tau=0.5"": 0.44959493156310537, ""K=7,tau=0.03"": 0.43298935410410744, ""K=7,tau=0.05"": 0.4373980488540367, ""K=7,tau=0.1"": 0.45379826151281977, ""K=7,tau=0.2"": 0.462406938685643, ""K=7,tau=0.5"": 0.43860000770788365}",61a3f94b6fb57ce0,0.3333333333333333
B2_tuned,mpnet_base_v2,MPNet-base-v2,50,0,SoftmaxKNN,5,0.2,False,True,train_inner_tuned_nested,2199,1759,440,550,0.4743001634108906,"3,5,7,10,15","0.03,0.05,0.1,0.2,0.5","{""K=10,tau=0.03"": 0.4129093973989515, ""K=10,tau=0.05"": 0.4336735297196535, ""K=10,tau=0.1"": 0.4601354617511771, ""K=10,tau=0.2"": 0.46025206023214577, ""K=10,tau=0.5"": 0.415664012987513, ""K=15,tau=0.03"": 0.4130332109332595, ""K=15,tau=0.05"": 0.4344875474114147, ""K=15,tau=0.1"": 0.4609748133109893, ""K=15,tau=0.2"": 0.46189578862096065, ""K=15,tau=0.5"": 0.40897356591788453, ""K=3,tau=0.03"": 0.4102645825895435, ""K=3,tau=0.05"": 0.4251452428268349, ""K=3,tau=0.1"": 0.44732306867939386, ""K=3,tau=0.2"": 0.45599238132186853, ""K=3,tau=0.5"": 0.4404918659516611, ""K=5,tau=0.03"": 0.412140853784407, ""K=5,tau=0.05"": 0.4312472151143912, ""K=5,tau=0.1"": 0.4613292858798189, ""K=5,tau=0.2"": 0.4743001634108906, ""K=5,tau=0.5"": 0.4559743584120213, ""K=7,tau=0.03"": 0.4127042295873512, ""K=7,tau=0.05"": 0.43305594910665474, ""K=7,tau=0.1"": 0.46263284129642157, ""K=7,tau=0.2"": 0.47261416128433087, ""K=7,tau=0.5"": 0.4476667975838176}",45bb1bb1246fbfc6,0.4084507042253521
B2_tuned,mpnet_base_v2,MPNet-base-v2,50,1,SoftmaxKNN,5,0.2,False,True,train_inner_tuned_nested,2199,1759,440,550,0.4873958061241722,"3,5,7,10,15","0.03,0.05,0.1,0.2,0.5","{""K=10,tau=0.03"": 0.42824218706845235, ""K=10,tau=0.05"": 0.4490533427504444, ""K=10,tau=0.1"": 0.474893160503523, ""K=10,tau=0.2"": 0.4734323819251354, ""K=10,tau=0.5"": 0.42795665780851727, ""K=15,tau=0.03"": 0.428364623792669, ""K=15,tau=0.05"": 0.4499131084569395, ""K=15,tau=0.1"": 0.476001549593119, ""K=15,tau=0.2"": 0.47540282437661807, ""K=15,tau=0.5"": 0.4214127194251338, ""K=3,tau=0.03"": 0.42562786581294215, ""K=3,tau=0.05"": 0.4407403591498822, ""K=3,tau=0.1"": 0.4634292389111571, ""K=3,tau=0.2"": 0.4717399851308402, ""K=3,tau=0.5"": 0.45518738548671367, ""K=5,tau=0.03"": 0.42749282356436463, ""K=5,tau=0.05"": 0.4466859362693758, ""K=5,tau=0.1"": 0.47619263666274597, ""K=5,tau=0.2"": 0.4873958061241722, ""K=5,tau=0.5"": 0.46741871310144245, ""K=7,tau=0.03"": 0.428034797691727, ""K=7,tau=0.05"": 0.4483788162843135, ""K=7,tau=0.1"": 0.4768954922497713, ""K=7,tau=0.2"": 0.4838805007084517, ""K=7,tau=0.5"": 0.4556551581813781}",45bb1bb1246fbfc6,0.4084507042253521
B2_tuned,mpnet_base_v2,MPNet-base-v2,50,2,SoftmaxKNN,5,0.2,False,True,train_inner_tuned_nested,2199,1759,440,550,0.4899750159847199,"3,5,7,10,15","0.03,0.05,0.1,0.2,0.5","{""K=10,tau=0.03"": 0.4308313821646269, ""K=10,tau=0.05"": 0.4512968002426861, ""K=10,tau=0.1"": 0.4772988514604579, ""K=10,tau=0.2"": 0.4760878215716512, ""K=10,tau=0.5"": 0.4285015938596584, ""K=15,tau=0.03"": 0.4309566440807489, ""K=15,tau=0.05"": 0.4521131275683889, ""K=15,tau=0.1"": 0.47804673950807836, ""K=15,tau=0.2"": 0.47701848810911807, ""K=15,tau=0.5"": 0.4203585968612308, ""K=3,tau=0.03"": 0.4281851204151803, ""K=3,tau=0.05"": 0.4429442719554885, ""K=3,tau=0.1"": 0.4653447363610054, ""K=3,tau=0.2"": 0.47382730958408176, ""K=3,tau=0.5"": 0.45714237895214765, ""K=5,tau=0.03"": 0.4300743522974989, ""K=5,tau=0.05"": 0.4488891282983966, ""K=5,tau=0.1"": 0.47820971062020445, ""K=5,tau=0.2"": 0.4899750159847199, ""K=5,tau=0.5"": 0.4698538941405905, ""K=7,tau=0.03"": 0.43063343725620645, ""K=7,tau=0.05"": 0.450701925286486, ""K=7,tau=0.1"": 0.4795941153822479, ""K=7,tau=0.2"": 0.48798987531236, ""K=7,tau=0.5"": 0.460075438674126}",45bb1bb1246fbfc6,0.4084507042253521
B2_tuned,mpnet_base_v2,MPNet-base-v2,50,3,SoftmaxKNN,5,0.2,False,True,train_inner_tuned_nested,2199,1759,440,550,0.4825162103357911,"3,5,7,10,15","0.03,0.05,0.1,0.2,0.5","{""K=10,tau=0.03"": 0.4209073667751843, ""K=10,tau=0.05"": 0.4409848818058891, ""K=10,tau=0.1"": 0.46728330005987806, ""K=10,tau=0.2"": 0.4678781395921928, ""K=10,tau=0.5"": 0.42353083167821215, ""K=15,tau=0.03"": 0.4210328802254143, ""K=15,tau=0.05"": 0.4417584204920991, ""K=15,tau=0.1"": 0.46815745332064745, ""K=15,tau=0.2"": 0.4702244495419928, ""K=15,tau=0.5"": 0.4172902646234641, ""K=3,tau=0.03"": 0.41834234674485643, ""K=3,tau=0.05"": 0.43312457413227723, ""K=3,tau=0.1"": 0.4564407511670604, ""K=3,tau=0.2"": 0.4666048129092798, ""K=3,tau=0.5"": 0.45172272639149635, ""K=5,tau=0.03"": 0.4201379687580749, ""K=5,tau=0.05"": 0.4387423359376301, ""K=5,tau=0.1"": 0.4690266606830387, ""K=5,tau=0.2"": 0.4825162103357911, ""K=5,tau=0.5"": 0.4634098130291945, ""K=7,tau=0.03"": 0.4207128164800678, ""K=7,tau=0.05"": 0.4404756824768047, ""K=7,tau=0.1"": 0.4700502515212968, ""K=7,tau=0.2"": 0.48047555174980566, ""K=7,tau=0.5"": 0.455146051111349}",45bb1bb1246fbfc6,0.4084507042253521
B2_tuned,mpnet_base_v2,MPNet-base-v2,50,4,SoftmaxKNN,5,0.2,False,True,train_inner_tuned_nested,2200,1760,440,549,0.4965806414160864,"3,5,7,10,15","0.03,0.05,0.1,0.2,0.5","{""K=10,tau=0.03"": 0.43381607637265285, ""K=10,tau=0.05"": 0.45287792100419716, ""K=10,tau=0.1"": 0.4784309525751971, ""K=10,tau=0.2"": 0.4799854446033918, ""K=10,tau=0.5"": 0.4354700347079777, ""K=15,tau=0.03"": 0.43391864499345806, ""K=15,tau=0.05"": 0.45346267928255013, ""K=15,tau=0.1"": 0.4784553849339227, ""K=15,tau=0.2"": 0.4794865535442099, ""K=15,tau=0.5"": 0.423820611311584, ""K=3,tau=0.03"": 0.4312372580108812, ""K=3,tau=0.05"": 0.4450687387997102, ""K=3,tau=0.1"": 0.46711914654433084, ""K=3,tau=0.2"": 0.47631016784590696, ""K=3,tau=0.5"": 0.46100143164470375, ""K=5,tau=0.03"": 0.4331444323957611, ""K=5,tau=0.05"": 0.45118205866944916, ""K=5,tau=0.1"": 0.48145873586936805, ""K=5,tau=0.2"": 0.4965806414160864, ""K=5,tau=0.5"": 0.4802394944227847, ""K=7,tau=0.03"": 0.43366320111111717, ""K=7,tau=0.05"": 0.45258834709403556, ""K=7,tau=0.1"": 0.48131625619403534, ""K=7,tau=0.2"": 0.49175558111729734, ""K=7,tau=0.5"": 0.4664873506406745}",45bb1bb1246fbfc6,0.4084507042253521
B2_tuned,sbert_original,SBERT (original),50,0,SoftmaxKNN,10,0.2,False,True,train_inner_tuned_nested,2199,1759,440,550,0.43147761151377745,"3,5,7,10,15","0.03,0.05,0.1,0.2,0.5","{""K=10,tau=0.03"": 0.37220785251017696, ""K=10,tau=0.05"": 0.38819786449560195, ""K=10,tau=0.1"": 0.4214899297006414, ""K=10,tau=0.2"": 0.43147761151377745, ""K=10,tau=0.5"": 0.3766592329552643, ""K=15,tau=0.03"": 0.37225512870058064, ""K=15,tau=0.05"": 0.38883542097734664, ""K=15,tau=0.1"": 0.4227611058643583, ""K=15,tau=0.2"": 0.4289483944240548, ""K=15,tau=0.5"": 0.3557070980346692, ""K=3,tau=0.03"": 0.37073780523508654, ""K=3,tau=0.05"": 0.38198954837675037, ""K=3,tau=0.1"": 0.4044372187717992, ""K=3,tau=0.2"": 0.41795615383458923, ""K=3,tau=0.5"": 0.4064642051477769, ""K=5,tau=0.03"": 0.3714029838914787, ""K=5,tau=0.05"": 0.3838465908378792, ""K=5,tau=0.1"": 0.4097750070457786, ""K=5,tau=0.2"": 0.42049443076572146, ""K=5,tau=0.5"": 0.38775395699937265, ""K=7,tau=0.03"": 0.3718670806319436, ""K=7,tau=0.05"": 0.38563170368564115, ""K=7,tau=0.1"": 0.4111729337467456, ""K=7,tau=0.2"": 0.41206813801186154, ""K=7,tau=0.5"": 0.35872451200085764}",6e6167ebfe199350,0.9230769230769231
B2_tuned,sbert_original,SBERT (original),50,1,SoftmaxKNN,10,0.2,False,True,train_inner_tuned_nested,2199,1759,440,550,0.43958256875658014,"3,5,7,10,15","0.03,0.05,0.1,0.2,0.5","{""K=10,tau=0.03"": 0.3837513049648578, ""K=10,tau=0.05"": 0.3999458335068716, ""K=10,tau=0.1"": 0.43183449673014385, ""K=10,tau=0.2"": 0.43958256875658014, ""K=10,tau=0.5"": 0.38494433239250525, ""K=15,tau=0.03"": 0.3837878069982108, ""K=15,tau=0.05"": 0.4004345431253403, ""K=15,tau=0.1"": 0.4322253632875628, ""K=15,tau=0.2"": 0.4359494849578925, ""K=15,tau=0.5"": 0.36180469594356296, ""K=3,tau=0.03"": 0.38247775828608005, ""K=3,tau=0.05"": 0.3939185151126709, ""K=3,tau=0.1"": 0.41478100098388504, ""K=3,tau=0.2"": 0.42507722135664094, ""K=3,tau=0.5"": 0.41118975303896327, ""K=5,tau=0.03"": 0.38300666291352586, ""K=5,tau=0.05"": 0.3957549541395876, ""K=5,tau=0.1"": 0.4198604366622158, ""K=5,tau=0.2"": 0.4266414122092421, ""K=5,tau=0.5"": 0.3917154292668812, ""K=7,tau=0.03"": 0.38343724485869235, ""K=7,tau=0.05"": 0.397498609636637, ""K=7,tau=0.1"": 0.42174912325080016, ""K=7,tau=0.2"": 0.4204849845557077, ""K=7,tau=0.5"": 0.36763940751923524}",6e6167ebfe199350,0.9230769230769231
B2_tuned,sbert_original,SBERT (original),50,2,SoftmaxKNN,10,0.2,False,True,train_inner_tuned_nested,2199,1759,440,550,0.4362671388604295,"3,5,7,10,15","0.03,0.05,0.1,0.2,0.5","{""K=10,tau=0.03"": 0.3818103669164028, ""K=10,tau=0.05"": 0.3987031094312045, ""K=10,tau=0.1"": 0.43077040035078057, ""K=10,tau=0.2"": 0.4362671388604295, ""K=10,tau=0.5"": 0.3789185716244572, ""K=15,tau=0.03"": 0.3818503866472358, ""K=15,tau=0.05"": 0.39936729317414416, ""K=15,tau=0.1"": 0.4327271962683926, ""K=15,tau=0.2"": 0.43476695990571446, ""K=15,tau=0.5"": 0.35781895550521853, ""K=3,tau=0.03"": 0.3802404355136158, ""K=3,tau=0.05"": 0.3919255904648841, ""K=3,tau=0.1"": 0.4119970307669217, ""K=3,tau=0.2"": 0.420151384221174, ""K=3,tau=0.5"": 0.40373594953976233, ""K=5,tau=0.03"": 0.3809752524257932, ""K=5,tau=0.05"": 0.394110866053787, ""K=5,tau=0.1"": 0.4177501859567995, ""K=5,tau=0.2"": 0.4226559331955679, ""K=5,tau=0.5"": 0.386116597466099, ""K=7,tau=0.03"": 0.38144640097171933, ""K=7,tau=0.05"": 0.39593110779401824, ""K=7,tau=0.1"": 0.41944445906642797, ""K=7,tau=0.2"": 0.41527938794619396, ""K=7,tau=0.5"": 0.3594287806024478}",6e6167ebfe199350,0.9230769230769231
B2_tuned,sbert_original,SBERT (original),50,3,SoftmaxKNN,10,0.2,False,True,train_inner_tuned_nested,2199,1759,440,550,0.42977486071755133,"3,5,7,10,15","0.03,0.05,0.1,0.2,0.5","{""K=10,tau=0.03"": 0.37341896429744487, ""K=10,tau=0.05"": 0.39020011628764895, ""K=10,tau=0.1"": 0.42296991670791145, ""K=10,tau=0.2"": 0.42977486071755133, ""K=10,tau=0.5"": 0.3718835674774193, ""K=15,tau=0.03"": 0.3734629100181068, ""K=15,tau=0.05"": 0.3908963840313643, ""K=15,tau=0.1"": 0.4248581195007166, ""K=15,tau=0.2"": 0.42773477214285066, ""K=15,tau=0.5"": 0.3488454984944389, ""K=3,tau=0.03"": 0.371965453820679, ""K=3,tau=0.05"": 0.3840057180379026, ""K=3,tau=0.1"": 0.40602934591969003, ""K=3,tau=0.2"": 0.41762986890626275, ""K=3,tau=0.5"": 0.4041838156528278, ""K=5,tau=0.03"": 0.372636628053882, ""K=5,tau=0.05"": 0.3859616542530449, ""K=5,tau=0.1"": 0.4118876031509007, ""K=5,tau=0.2"": 0.42084877953804223, ""K=5,tau=0.5"": 0.3863473991695092, ""K=7,tau=0.03"": 0.373096572557248, ""K=7,tau=0.05"": 0.38775029895120783, ""K=7,tau=0.1"": 0.41335010157250757, ""K=7,tau=0.2"": 0.4126480157074659, ""K=7,tau=0.5"": 0.3576784919338402}",6e6167ebfe199350,0.9230769230769231
B2_tuned,sbert_original,SBERT (original),50,4,SoftmaxKNN,10,0.2,False,True,train_inner_tuned_nested,2200,1760,440,549,0.44120801126666126,"3,5,7,10,15","0.03,0.05,0.1,0.2,0.5","{""K=10,tau=0.03"": 0.38773387296846046, ""K=10,tau=0.05"": 0.40325492382715133, ""K=10,tau=0.1"": 0.4341392822212897, ""K=10,tau=0.2"": 0.44120801126666126, ""K=10,tau=0.5"": 0.3848927651735816, ""K=15,tau=0.03"": 0.38778098574271885, ""K=15,tau=0.05"": 0.40393526387939216, ""K=15,tau=0.1"": 0.4355159705078221, ""K=15,tau=0.2"": 0.43883703313076466, ""K=15,tau=0.5"": 0.36418767501973776, ""K=3,tau=0.03"": 0.38650237529853615, ""K=3,tau=0.05"": 0.3974444883469167, ""K=3,tau=0.1"": 0.4171202815325798, ""K=3,tau=0.2"": 0.42627326704636964, ""K=3,tau=0.5"": 0.4110106050313833, ""K=5,tau=0.03"": 0.3870058034758953, ""K=5,tau=0.05"": 0.3990236173798706, ""K=5,tau=0.1"": 0.42184848044145873, ""K=5,tau=0.2"": 0.4277385118374882, ""K=5,tau=0.5"": 0.3912013668206626, ""K=7,tau=0.03"": 0.3874198482069171, ""K=7,tau=0.05"": 0.40070412768941854, ""K=7,tau=0.1"": 0.4232918562480399, ""K=7,tau=0.2"": 0.4196227110208761, ""K=7,tau=0.5"": 0.3618899800971403}",6e6167ebfe199350,0.9230769230769231
B2_tuned,bge_base_en_v15,BGE-base-en-v1.5,90,0,SoftmaxKNN,15,0.1,False,True,train_inner_tuned_nested,2199,1759,440,550,0.5924616403760584,"3,5,7,10,15","0.03,0.05,0.1,0.2,0.5","{""K=10,tau=0.03"": 0.5433524513570307, ""K=10,tau=0.05"": 0.5592225273440239, ""K=10,tau=0.1"": 0.5816148398969587, ""K=10,tau=0.2"": 0.5700910570931157, ""K=10,tau=0.5"": 0.535069274876705, ""K=15,tau=0.03"": 0.5440398384457054, ""K=15,tau=0.05"": 0.5625910142503737, ""K=15,tau=0.1"": 0.5924616403760584, ""K=15,tau=0.2"": 0.5826431742402352, ""K=15,tau=0.5"": 0.5475411895890042, ""K=3,tau=0.03"": 0.5421979011589394, ""K=3,tau=0.05"": 0.5545756461101593, ""K=3,tau=0.1"": 0.5725462255779612, ""K=3,tau=0.2"": 0.5732342466239372, ""K=3,tau=0.5"": 0.5537588372336998, ""K=5,tau=0.03"": 0.5420592994650232, ""K=5,tau=0.05"": 0.5530691554663522, ""K=5,tau=0.1"": 0.5631055491539245, ""K=5,tau=0.2"": 0.5472631309034275, ""K=5,tau=0.5"": 0.5085313817236542, ""K=7,tau=0.03"": 0.5428988289677253, ""K=7,tau=0.05"": 0.5574964337044894, ""K=7,tau=0.1"": 0.5768005485397136, ""K=7,tau=0.2"": 0.5665334292657784, ""K=7,tau=0.5"": 0.5329188818534824}",d1c9629104d4613e,0.8947368421052632
B2_tuned,bge_base_en_v15,BGE-base-en-v1.5,90,1,SoftmaxKNN,15,0.1,False,True,train_inner_tuned_nested,2199,1759,440,550,0.6074027910858806,"3,5,7,10,15","0.03,0.05,0.1,0.2,0.5","{""K=10,tau=0.03"": 0.5568370967027388, ""K=10,tau=0.05"": 0.5756307107422372, ""K=10,tau=0.1"": 0.600382555535726, ""K=10,tau=0.2"": 0.5855646054969632, ""K=10,tau=0.5"": 0.5471563514386678, ""K=15,tau=0.03"": 0.5575407534679289, ""K=15,tau=0.05"": 0.5787035162987092, ""K=15,tau=0.1"": 0.6074027910858806, ""K=15,tau=0.2"": 0.586153958575789, ""K=15,tau=0.5"": 0.5437642673624005, ""K=3,tau=0.03"": 0.5555415935973737, ""K=3,tau=0.05"": 0.5704082975285898, ""K=3,tau=0.1"": 0.5909538044373506, ""K=3,tau=0.2"": 0.5906762620941983, ""K=3,tau=0.5"": 0.5690334422166257, ""K=5,tau=0.03"": 0.5554686898254083, ""K=5,tau=0.05"": 0.5693564541129686, ""K=5,tau=0.1"": 0.5828705817011115, ""K=5,tau=0.2"": 0.5656835001762087, ""K=5,tau=0.5"": 0.5242789024447078, ""K=7,tau=0.03"": 0.5563459767998472, ""K=7,tau=0.05"": 0.5740341704129813, ""K=7,tau=0.1"": 0.5978298295246287, ""K=7,tau=0.2"": 0.586684466798074, ""K=7,tau=0.5"": 0.55077153065921}",d1c9629104d4613e,0.8947368421052632
B2_tuned,bge_base_en_v15,BGE-base-en-v1.5,90,2,SoftmaxKNN,15,0.1,False,True,train_inner_tuned_nested,2199,1759,440,550,0.6052374079934454,"3,5,7,10,15","0.03,0.05,0.1,0.2,0.5","{""K=10,tau=0.03"": 0.5547183330484967, ""K=10,tau=0.05"": 0.5734873079979578, ""K=10,tau=0.1"": 0.5974792979182303, ""K=10,tau=0.2"": 0.5778259704038458, ""K=10,tau=0.5"": 0.532832990969864, ""K=15,tau=0.03"": 0.5554404668029289, ""K=15,tau=0.05"": 0.5767110098426039, ""K=15,tau=0.1"": 0.6052374079934454, ""K=15,tau=0.2"": 0.5814338321447226, ""K=15,tau=0.5"": 0.5360676441554793, ""K=3,tau=0.03"": 0.5534441031878968, ""K=3,tau=0.05"": 0.5683890572919265, ""K=3,tau=0.1"": 0.5905829452207357, ""K=3,tau=0.2"": 0.5926997710097264, ""K=3,tau=0.5"": 0.572548494825302, ""K=5,tau=0.03"": 0.5533615706347446, ""K=5,tau=0.05"": 0.5672545195652148, ""K=5,tau=0.1"": 0.5820945949149072, ""K=5,tau=0.2"": 0.5661787319091999, ""K=5,tau=0.5"": 0.5251586633664695, ""K=7,tau=0.03"": 0.5542024220916362, ""K=7,tau=0.05"": 0.5716496290058285, ""K=7,tau=0.1"": 0.5949805592046971, ""K=7,tau=0.2"": 0.581746452047391, ""K=7,tau=0.5"": 0.5419207043387708}",d1c9629104d4613e,0.8947368421052632
B2_tuned,bge_base_en_v15,BGE-base-en-v1.5,90,3,SoftmaxKNN,15,0.1,False,True,train_inner_tuned_nested,2199,1759,440,550,0.5880401633472931,"3,5,7,10,15","0.03,0.05,0.1,0.2,0.5","{""K=10,tau=0.03"": 0.53243458042711, ""K=10,tau=0.05"": 0.5525722228214772, ""K=10,tau=0.1"": 0.5782232233914381, ""K=10,tau=0.2"": 0.561608482963632, ""K=10,tau=0.5"": 0.5209146765901004, ""K=15,tau=0.03"": 0.5332678820586398, ""K=15,tau=0.05"": 0.5564748925954691, ""K=15,tau=0.1"": 0.5880401633472931, ""K=15,tau=0.2"": 0.569388864456956, ""K=15,tau=0.5"": 0.526954943955162, ""K=3,tau=0.03"": 0.5309259535352404, ""K=3,tau=0.05"": 0.5465026643080274, ""K=3,tau=0.1"": 0.5700658213100095, ""K=3,tau=0.2"": 0.5743404626653384, ""K=3,tau=0.5"": 0.5562860383633976, ""K=5,tau=0.03"": 0.5307701736197029, ""K=5,tau=0.05"": 0.5447608147421618, ""K=5,tau=0.1"": 0.557876796725924, ""K=5,tau=0.2"": 0.5382976622124148, ""K=5,tau=0.5"": 0.494462040774443, ""K=7,tau=0.03"": 0.5317877916400185, ""K=7,tau=0.05"": 0.5501641802529004, ""K=7,tau=0.1"": 0.5736301400746147, ""K=7,tau=0.2"": 0.5600661171478795, ""K=7,tau=0.5"": 0.5216550031345593}",d1c9629104d4613e,0.8947368421052632
B2_tuned,bge_base_en_v15,BGE-base-en-v1.5,90,4,SoftmaxKNN,15,0.1,False,True,train_inner_tuned_nested,2200,1760,440,549,0.5887423336369036,"3,5,7,10,15","0.03,0.05,0.1,0.2,0.5","{""K=10,tau=0.03"": 0.5391786490317182, ""K=10,tau=0.05"": 0.5562407731680842, ""K=10,tau=0.1"": 0.5797416861999573, ""K=10,tau=0.2"": 0.5671058029276294, ""K=10,tau=0.5"": 0.5311938425025369, ""K=15,tau=0.03"": 0.5400042128682856, ""K=15,tau=0.05"": 0.5601771813275713, ""K=15,tau=0.1"": 0.5887423336369036, ""K=15,tau=0.2"": 0.5686970703091381, ""K=15,tau=0.5"": 0.5244251319017244, ""K=3,tau=0.03"": 0.5376816283516627, ""K=3,tau=0.05"": 0.5500626634854345, ""K=3,tau=0.1"": 0.5700896512228723, ""K=3,tau=0.2"": 0.5746438290336108, ""K=3,tau=0.5"": 0.558826726013457, ""K=5,tau=0.03"": 0.537625976060359, ""K=5,tau=0.05"": 0.5489088033410028, ""K=5,tau=0.1"": 0.5612848578281242, ""K=5,tau=0.2"": 0.5489466344348909, ""K=5,tau=0.5"": 0.5126749517961219, ""K=7,tau=0.03"": 0.538629911187641, ""K=7,tau=0.05"": 0.5544545733632228, ""K=7,tau=0.1"": 0.578492028168916, ""K=7,tau=0.2"": 0.5716699498796871, ""K=7,tau=0.5"": 0.5390149495095276}",d1c9629104d4613e,0.8947368421052632
B2_tuned,e5_base_v2,E5-base-v2,90,0,SoftmaxKNN,10,0.1,False,True,train_inner_tuned_nested,2199,1759,440,550,0.5466150398131754,"3,5,7,10,15","0.03,0.05,0.1,0.2,0.5","{""K=10,tau=0.03"": 0.4934765090348305, ""K=10,tau=0.05"": 0.5392173980309591, ""K=10,tau=0.1"": 0.5466150398131754, ""K=10,tau=0.2"": 0.527761720741581, ""K=10,tau=0.5"": 0.5126894812172668, ""K=15,tau=0.03"": 0.4991559276312042, ""K=15,tau=0.05"": 0.5455406645587274, ""K=15,tau=0.1"": 0.5435264336260353, ""K=15,tau=0.2"": 0.518002810941306, ""K=15,tau=0.5"": 0.5003441837855566, ""K=3,tau=0.03"": 0.46600058500825237, ""K=3,tau=0.05"": 0.4959555516282848, ""K=3,tau=0.1"": 0.5203877344545983, ""K=3,tau=0.2"": 0.5226819938432855, ""K=3,tau=0.5"": 0.5189221641814412, ""K=5,tau=0.03"": 0.47144824568818666, ""K=5,tau=0.05"": 0.5002940902942765, ""K=5,tau=0.1"": 0.5099748011848922, ""K=5,tau=0.2"": 0.49702443436366706, ""K=5,tau=0.5"": 0.48327022550987186, ""K=7,tau=0.03"": 0.4780163536704456, ""K=7,tau=0.05"": 0.5122102063061695, ""K=7,tau=0.1"": 0.5178528850011263, ""K=7,tau=0.2"": 0.4992310721317305, ""K=7,tau=0.5"": 0.4829964197662972}",4ab1827017a9d4a9,0.8181818181818182
B2_tuned,e5_base_v2,E5-base-v2,90,1,SoftmaxKNN,15,0.05,False,True,train_inner_tuned_nested,2199,1759,440,550,0.5457100076728646,"3,5,7,10,15","0.03,0.05,0.1,0.2,0.5","{""K=10,tau=0.03"": 0.5037206012981557, ""K=10,tau=0.05"": 0.5409082952317096, ""K=10,tau=0.1"": 0.5416234917626841, ""K=10,tau=0.2"": 0.5205903684217045, ""K=10,tau=0.5"": 0.5047762647459874, ""K=15,tau=0.03"": 0.5085144820836429, ""K=15,tau=0.05"": 0.5457100076728646, ""K=15,tau=0.1"": 0.5393321916505058, ""K=15,tau=0.2"": 0.513598107139974, ""K=15,tau=0.5"": 0.4961140816128086, ""K=3,tau=0.03"": 0.47874430170833837, ""K=3,tau=0.05"": 0.50511358966094, ""K=3,tau=0.1"": 0.525541152254161, ""K=3,tau=0.2"": 0.5258777400321327, ""K=3,tau=0.5"": 0.5207319582442718, ""K=5,tau=0.03"": 0.48284845964787204, ""K=5,tau=0.05"": 0.5047140322251201, ""K=5,tau=0.1"": 0.5051773798243302, ""K=5,tau=0.2"": 0.4872259367702917, ""K=5,tau=0.5"": 0.47092068734570613, ""K=7,tau=0.03"": 0.4891902080484873, ""K=7,tau=0.05"": 0.5145675218794394, ""K=7,tau=0.1"": 0.5097274834641317, ""K=7,tau=0.2"": 0.48711250884817825, ""K=7,tau=0.5"": 0.46967161814028996}",4ab1827017a9d4a9,0.8181818181818182
B2_tuned,e5_base_v2,E5-base-v2,90,2,SoftmaxKNN,10,0.1,False,True,train_inner_tuned_nested,2199,1759,440,550,0.5390741788683381,"3,5,7,10,15","0.03,0.05,0.1,0.2,0.5","{""K=10,tau=0.03"": 0.4879879745269073, ""K=10,tau=0.05"": 0.5327296511677798, ""K=10,tau=0.1"": 0.5390741788683381, ""K=10,tau=0.2"": 0.5192947723312522, ""K=10,tau=0.5"": 0.5041931830799896, ""K=15,tau=0.03"": 0.4929524829315485, ""K=15,tau=0.05"": 0.5384356251853103, ""K=15,tau=0.1"": 0.5359925460366147, ""K=15,tau=0.2"": 0.5105511427101448, ""K=15,tau=0.5"": 0.49334611766236847, ""K=3,tau=0.03"": 0.45991114352013207, ""K=3,tau=0.05"": 0.4876965504087558, ""K=3,tau=0.1"": 0.5122861531261423, ""K=3,tau=0.2"": 0.5160082962471483, ""K=3,tau=0.5"": 0.5131490632103599, ""K=5,tau=0.03"": 0.46338752368188624, ""K=5,tau=0.05"": 0.48623421119298416, ""K=5,tau=0.1"": 0.48911635361566086, ""K=5,tau=0.2"": 0.47317826560026155, ""K=5,tau=0.5"": 0.4583269446009692, ""K=7,tau=0.03"": 0.4707442902719132, ""K=7,tau=0.05"": 0.5001135523334732, ""K=7,tau=0.1"": 0.49938884288151025, ""K=7,tau=0.2"": 0.47728859079808533, ""K=7,tau=0.5"": 0.459727908656248}",4ab1827017a9d4a9,0.8181818181818182
B2_tuned,e5_base_v2,E5-base-v2,90,3,SoftmaxKNN,10,0.1,False,True,train_inner_tuned_nested,2199,1759,440,550,0.5350323872473088,"3,5,7,10,15","0.03,0.05,0.1,0.2,0.5","{""K=10,tau=0.03"": 0.47295883487945173, ""K=10,tau=0.05"": 0.522822651511469, ""K=10,tau=0.1"": 0.5350323872473088, ""K=10,tau=0.2"": 0.5178155840196126, ""K=10,tau=0.5"": 0.5032553559964144, ""K=15,tau=0.03"": 0.4788889074777854, ""K=15,tau=0.05"": 0.5291845220965061, ""K=15,tau=0.1"": 0.5331874921861692, ""K=15,tau=0.2"": 0.5099160656014924, ""K=15,tau=0.5"": 0.4929254533523101, ""K=3,tau=0.03"": 0.4410930557278993, ""K=3,tau=0.05"": 0.4724737542322087, ""K=3,tau=0.1"": 0.49974969816696246, ""K=3,tau=0.2"": 0.5047355274635532, ""K=3,tau=0.5"": 0.5026583532520713, ""K=5,tau=0.03"": 0.4473919346863912, ""K=5,tau=0.05"": 0.47641153034438216, ""K=5,tau=0.1"": 0.4861905676151888, ""K=5,tau=0.2"": 0.47351472735123806, ""K=5,tau=0.5"": 0.4600831916814751, ""K=7,tau=0.03"": 0.45557234232701493, ""K=7,tau=0.05"": 0.4912687393819822, ""K=7,tau=0.1"": 0.49855909603653836, ""K=7,tau=0.2"": 0.48130599243625494, ""K=7,tau=0.5"": 0.46613984610032216}",4ab1827017a9d4a9,0.8181818181818182
B2_tuned,e5_base_v2,E5-base-v2,90,4,SoftmaxKNN,15,0.1,False,True,train_inner_tuned_nested,2200,1760,440,549,0.547910972414657,"3,5,7,10,15","0.03,0.05,0.1,0.2,0.5","{""K=10,tau=0.03"": 0.4867790723819449, ""K=10,tau=0.05"": 0.534036398487672, ""K=10,tau=0.1"": 0.544249174953318, ""K=10,tau=0.2"": 0.5277265441254433, ""K=10,tau=0.5"": 0.5141332327179716, ""K=15,tau=0.03"": 0.49408615745687745, ""K=15,tau=0.05"": 0.54410583140595, ""K=15,tau=0.1"": 0.547910972414657, ""K=15,tau=0.2"": 0.5256583962510143, ""K=15,tau=0.5"": 0.5098203673309045, ""K=3,tau=0.03"": 0.45683717381141514, ""K=3,tau=0.05"": 0.4878219834005187, ""K=3,tau=0.1"": 0.5139551860225343, ""K=3,tau=0.2"": 0.5175610533814955, ""K=3,tau=0.5"": 0.5143424568800137, ""K=5,tau=0.03"": 0.4623500980454764, ""K=5,tau=0.05"": 0.4906576633237164, ""K=5,tau=0.1"": 0.49943956732906536, ""K=5,tau=0.2"": 0.4863949356646341, ""K=5,tau=0.5"": 0.4729323195912623, ""K=7,tau=0.03"": 0.4682434994752019, ""K=7,tau=0.05"": 0.500033871039765, ""K=7,tau=0.1"": 0.5017016900777336, ""K=7,tau=0.2"": 0.48175171488730134, ""K=7,tau=0.5"": 0.4655326207309601}",4ab1827017a9d4a9,0.8181818181818182
B2_tuned,minilm_l6_v2,MiniLM-L6-v2,90,0,SoftmaxKNN,10,0.2,False,True,train_inner_tuned_nested,2199,1759,440,550,0.5170162220569264,"3,5,7,10,15","0.03,0.05,0.1,0.2,0.5","{""K=10,tau=0.03"": 0.4049026540375537, ""K=10,tau=0.05"": 0.4249652643359084, ""K=10,tau=0.1"": 0.4893247604128382, ""K=10,tau=0.2"": 0.5170162220569264, ""K=10,tau=0.5"": 0.47767996897228726, ""K=15,tau=0.03"": 0.4049249457683699, ""K=15,tau=0.05"": 0.4259142956539391, ""K=15,tau=0.1"": 0.49225839740698407, ""K=15,tau=0.2"": 0.5163112257385049, ""K=15,tau=0.5"": 0.4750277564864197, ""K=3,tau=0.03"": 0.40413599545951173, ""K=3,tau=0.05"": 0.4153443794443508, ""K=3,tau=0.1"": 0.4561375844159997, ""K=3,tau=0.2"": 0.49673438331438413, ""K=3,tau=0.5"": 0.5078412506550677, ""K=5,tau=0.03"": 0.40462086614633, ""K=5,tau=0.05"": 0.42014782041013554, ""K=5,tau=0.1"": 0.4714811805235774, ""K=5,tau=0.2"": 0.5035326593620274, ""K=5,tau=0.5"": 0.4831654231714381, ""K=7,tau=0.03"": 0.404839741730064, ""K=7,tau=0.05"": 0.42354352957154034, ""K=7,tau=0.1"": 0.4842447110443181, ""K=7,tau=0.2"": 0.5135938207174897, ""K=7,tau=0.5"": 0.4820825286812195}",4554bd3645a8b3db,0.8556701030927835
B2_tuned,minilm_l6_v2,MiniLM-L6-v2,90,1,SoftmaxKNN,10,0.2,False,True,train_inner_tuned_nested,2199,1759,440,550,0.5317848026327783,"3,5,7,10,15","0.03,0.05,0.1,0.2,0.5","{""K=10,tau=0.03"": 0.4239805485145501, ""K=10,tau=0.05"": 0.4437607468659869, ""K=10,tau=0.1"": 0.5088769085631307, ""K=10,tau=0.2"": 0.5317848026327783, ""K=10,tau=0.5"": 0.4863092130935531, ""K=15,tau=0.03"": 0.4240029118074952, ""K=15,tau=0.05"": 0.4447186797350075, ""K=15,tau=0.1"": 0.5117449476376553, ""K=15,tau=0.2"": 0.5308291764058849, ""K=15,tau=0.5"": 0.48255687536143954, ""K=3,tau=0.03"": 0.42324111779159185, ""K=3,tau=0.05"": 0.4340934988984236, ""K=3,tau=0.1"": 0.4745771805179101, ""K=3,tau=0.2"": 0.5124204085505353, ""K=3,tau=0.5"": 0.5172417100233434, ""K=5,tau=0.03"": 0.4236913419886053, ""K=5,tau=0.05"": 0.43874085219200265, ""K=5,tau=0.1"": 0.4898775491126929, ""K=5,tau=0.2"": 0.5202513814253391, ""K=5,tau=0.5"": 0.499479753623836, ""K=7,tau=0.03"": 0.42391780865399875, ""K=7,tau=0.05"": 0.44232579515107456, ""K=7,tau=0.1"": 0.5040652692848073, ""K=7,tau=0.2"": 0.5312403370236425, ""K=7,tau=0.5"": 0.495882629365388}",4554bd3645a8b3db,0.8556701030927835
B2_tuned,minilm_l6_v2,MiniLM-L6-v2,90,2,SoftmaxKNN,15,0.2,False,True,train_inner_tuned_nested,2199,1759,440,550,0.5289434040161097,"3,5,7,10,15","0.03,0.05,0.1,0.2,0.5","{""K=10,tau=0.03"": 0.42219788971049527, ""K=10,tau=0.05"": 0.4425114040358058, ""K=10,tau=0.1"": 0.5065164366602093, ""K=10,tau=0.2"": 0.5257420833398411, ""K=10,tau=0.5"": 0.47696047290355326, ""K=15,tau=0.03"": 0.4222209898991847, ""K=15,tau=0.05"": 0.44351064308396204, ""K=15,tau=0.1"": 0.5100230045522429, ""K=15,tau=0.2"": 0.5289434040161097, ""K=15,tau=0.5"": 0.48286378289366716, ""K=3,tau=0.03"": 0.4214258405559719, ""K=3,tau=0.05"": 0.43267240926997386, ""K=3,tau=0.1"": 0.47347761683609446, ""K=3,tau=0.2"": 0.5115864083701254, ""K=3,tau=0.5"": 0.5195128347735679, ""K=5,tau=0.03"": 0.4219089997151173, ""K=5,tau=0.05"": 0.43751847583269965, ""K=5,tau=0.1"": 0.48857856638896036, ""K=5,tau=0.2"": 0.5168406508598339, ""K=5,tau=0.5"": 0.4941233824038329, ""K=7,tau=0.03"": 0.42214199490844945, ""K=7,tau=0.05"": 0.4412261631234111, ""K=7,tau=0.1"": 0.5031043009546369, ""K=7,tau=0.2"": 0.5286563398107512, ""K=7,tau=0.5"": 0.49335481891310484}",4554bd3645a8b3db,0.8556701030927835
B2_tuned,minilm_l6_v2,MiniLM-L6-v2,90,3,SoftmaxKNN,15,0.2,False,True,train_inner_tuned_nested,2199,1759,440,550,0.5208988851876337,"3,5,7,10,15","0.03,0.05,0.1,0.2,0.5","{""K=10,tau=0.03"": 0.39933321139280753, ""K=10,tau=0.05"": 0.4199160366538704, ""K=10,tau=0.1"": 0.48833303040494885, ""K=10,tau=0.2"": 0.5164240599258489, ""K=10,tau=0.5"": 0.47645218505130177, ""K=15,tau=0.03"": 0.3993571541174715, ""K=15,tau=0.05"": 0.4209524314790833, ""K=15,tau=0.1"": 0.4921795901844466, ""K=15,tau=0.2"": 0.5208988851876337, ""K=15,tau=0.5"": 0.4851583039448705, ""K=3,tau=0.03"": 0.39860287533734606, ""K=3,tau=0.05"": 0.41007852961737773, ""K=3,tau=0.1"": 0.453866842154916, ""K=3,tau=0.2"": 0.49811965429334953, ""K=3,tau=0.5"": 0.5148653768076307, ""K=5,tau=0.03"": 0.39902929478570376, ""K=5,tau=0.05"": 0.41460560657945095, ""K=5,tau=0.1"": 0.4678704262236399, ""K=5,tau=0.2"": 0.5004142889254947, ""K=5,tau=0.5"": 0.48304242136837033, ""K=7,tau=0.03"": 0.39926353114904745, ""K=7,tau=0.05"": 0.4183036882436698, ""K=7,tau=0.1"": 0.4821518657338315, ""K=7,tau=0.2"": 0.5122333761560569, ""K=7,tau=0.5"": 0.48235349055619525}",4554bd3645a8b3db,0.8556701030927835
B2_tuned,minilm_l6_v2,MiniLM-L6-v2,90,4,SoftmaxKNN,15,0.2,False,True,train_inner_tuned_nested,2200,1760,440,549,0.519686608757286,"3,5,7,10,15","0.03,0.05,0.1,0.2,0.5","{""K=10,tau=0.03"": 0.40158157331405725, ""K=10,tau=0.05"": 0.42169284617209535, ""K=10,tau=0.1"": 0.4890491049342037, ""K=10,tau=0.2"": 0.5179489582408487, ""K=10,tau=0.5"": 0.48167340245294993, ""K=15,tau=0.03"": 0.40160557800429475, ""K=15,tau=0.05"": 0.422733677393383, ""K=15,tau=0.1"": 0.49273698029941904, ""K=15,tau=0.2"": 0.519686608757286, ""K=15,tau=0.5"": 0.48488677849339074, ""K=3,tau=0.03"": 0.4008357989487152, ""K=3,tau=0.05"": 0.4118653951950228, ""K=3,tau=0.1"": 0.45311611577465366, ""K=3,tau=0.2"": 0.49446038431132994, ""K=3,tau=0.5"": 0.5084782347658895, ""K=5,tau=0.03"": 0.4012905986935145, ""K=5,tau=0.05"": 0.41658574354846134, ""K=5,tau=0.1"": 0.4684909895923366, ""K=5,tau=0.2"": 0.49989356517221833, ""K=5,tau=0.5"": 0.48219757812402436, ""K=7,tau=0.03"": 0.4015152925584747, ""K=7,tau=0.05"": 0.42014552266975896, ""K=7,tau=0.1"": 0.4831217147755588, ""K=7,tau=0.2"": 0.5140938817790232, ""K=7,tau=0.5"": 0.48872406021850767}",4554bd3645a8b3db,0.8556701030927835
B2_tuned,mpnet_base_v2,MPNet-base-v2,90,0,SoftmaxKNN,7,0.2,False,True,train_inner_tuned_nested,2199,1759,440,550,0.5770603724263554,"3,5,7,10,15","0.03,0.05,0.1,0.2,0.5","{""K=10,tau=0.03"": 0.5436608579412886, ""K=10,tau=0.05"": 0.5485179993637104, ""K=10,tau=0.1"": 0.5657184160629423, ""K=10,tau=0.2"": 0.5764736612053302, ""K=10,tau=0.5"": 0.5517992135082118, ""K=15,tau=0.03"": 0.5436656409056533, ""K=15,tau=0.05"": 0.5487019627856801, ""K=15,tau=0.1"": 0.5644318097405814, ""K=15,tau=0.2"": 0.5697127750852591, ""K=15,tau=0.5"": 0.5329190228755125, ""K=3,tau=0.03"": 0.543634075486465, ""K=3,tau=0.05"": 0.547569640214236, ""K=3,tau=0.1"": 0.5583442605414497, ""K=3,tau=0.2"": 0.5652974429729766, ""K=3,tau=0.5"": 0.5604960068743536, ""K=5,tau=0.03"": 0.5436479348610755, ""K=5,tau=0.05"": 0.5480439840979101, ""K=5,tau=0.1"": 0.5624204171181123, ""K=5,tau=0.2"": 0.571171764586518, ""K=5,tau=0.5"": 0.5521573347756017, ""K=7,tau=0.03"": 0.54365737288179, ""K=7,tau=0.05"": 0.5483779666719419, ""K=7,tau=0.1"": 0.5653424771120296, ""K=7,tau=0.2"": 0.5770603724263554, ""K=7,tau=0.5"": 0.558009491210087}",e89eefa9a454e390,0.875
B2_tuned,mpnet_base_v2,MPNet-base-v2,90,1,SoftmaxKNN,7,0.2,False,True,train_inner_tuned_nested,2199,1759,440,550,0.6011760631347043,"3,5,7,10,15","0.03,0.05,0.1,0.2,0.5","{""K=10,tau=0.03"": 0.5604048071942174, ""K=10,tau=0.05"": 0.5655345752214962, ""K=10,tau=0.1"": 0.5863671739735483, ""K=10,tau=0.2"": 0.6007543483151323, ""K=10,tau=0.5"": 0.5726374514554935, ""K=15,tau=0.03"": 0.5604101558502467, ""K=15,tau=0.05"": 0.565771258976607, ""K=15,tau=0.1"": 0.5862751850267633, ""K=15,tau=0.2"": 0.5958894064694873, ""K=15,tau=0.5"": 0.5576929231367077, ""K=3,tau=0.03"": 0.5603795744707873, ""K=3,tau=0.05"": 0.5645467823841658, ""K=3,tau=0.1"": 0.5778827144380455, ""K=3,tau=0.2"": 0.5895996967540035, ""K=3,tau=0.5"": 0.589097349402048, ""K=5,tau=0.03"": 0.5603907415552175, ""K=5,tau=0.05"": 0.5649924008887741, ""K=5,tau=0.1"": 0.5820834387706818, ""K=5,tau=0.2"": 0.5955998729905548, ""K=5,tau=0.5"": 0.5777733244447176, ""K=7,tau=0.03"": 0.5604009519137719, ""K=7,tau=0.05"": 0.5653613981049841, ""K=7,tau=0.1"": 0.5854515932310381, ""K=7,tau=0.2"": 0.6011760631347043, ""K=7,tau=0.5"": 0.5800216404832228}",e89eefa9a454e390,0.875
B2_tuned,mpnet_base_v2,MPNet-base-v2,90,2,SoftmaxKNN,7,0.2,False,True,train_inner_tuned_nested,2199,1759,440,550,0.6070961481891738,"3,5,7,10,15","0.03,0.05,0.1,0.2,0.5","{""K=10,tau=0.03"": 0.5692633996300658, ""K=10,tau=0.05"": 0.5751367080041594, ""K=10,tau=0.1"": 0.5940647147219664, ""K=10,tau=0.2"": 0.6048531003834856, ""K=10,tau=0.5"": 0.5772005911401897, ""K=15,tau=0.03"": 0.5692691473777941, ""K=15,tau=0.05"": 0.575361953884327, ""K=15,tau=0.1"": 0.5929962339534889, ""K=15,tau=0.2"": 0.5989504132115723, ""K=15,tau=0.5"": 0.5612674875491759, ""K=3,tau=0.03"": 0.5692309003741005, ""K=3,tau=0.05"": 0.5740784160789643, ""K=3,tau=0.1"": 0.5870547458015116, ""K=3,tau=0.2"": 0.5969108787553189, ""K=3,tau=0.5"": 0.5960445780786461, ""K=5,tau=0.03"": 0.5692482912269695, ""K=5,tau=0.05"": 0.5746117006416792, ""K=5,tau=0.1"": 0.5913004953708709, ""K=5,tau=0.2"": 0.6029489862151566, ""K=5,tau=0.5"": 0.5852112933915411, ""K=7,tau=0.03"": 0.5692576046737255, ""K=7,tau=0.05"": 0.5749349214532148, ""K=7,tau=0.1"": 0.5937584108505922, ""K=7,tau=0.2"": 0.6070961481891738, ""K=7,tau=0.5"": 0.5863740539297219}",e89eefa9a454e390,0.875
B2_tuned,mpnet_base_v2,MPNet-base-v2,90,3,SoftmaxKNN,10,0.2,False,True,train_inner_tuned_nested,2199,1759,440,550,0.5937036895173273,"3,5,7,10,15","0.03,0.05,0.1,0.2,0.5","{""K=10,tau=0.03"": 0.5435075204671282, ""K=10,tau=0.05"": 0.5491402537728904, ""K=10,tau=0.1"": 0.5721901285421079, ""K=10,tau=0.2"": 0.5937036895173273, ""K=10,tau=0.5"": 0.5746594921925214, ""K=15,tau=0.03"": 0.5435138436312684, ""K=15,tau=0.05"": 0.5494091757784438, ""K=15,tau=0.1"": 0.5722414928747737, ""K=15,tau=0.2"": 0.5903058673903391, ""K=15,tau=0.5"": 0.55995347697334, ""K=3,tau=0.03"": 0.5434751115262999, ""K=3,tau=0.05"": 0.5480415802578325, ""K=3,tau=0.1"": 0.5631055502941175, ""K=3,tau=0.2"": 0.5779843283257091, ""K=3,tau=0.5"": 0.581783589304396, ""K=5,tau=0.03"": 0.5434920410465502, ""K=5,tau=0.05"": 0.548571586052899, ""K=5,tau=0.1"": 0.5676473556496024, ""K=5,tau=0.2"": 0.5853821105995768, ""K=5,tau=0.5"": 0.5741302675603814, ""K=7,tau=0.03"": 0.5435026185617078, ""K=7,tau=0.05"": 0.5489487884004682, ""K=7,tau=0.1"": 0.5712086130056107, ""K=7,tau=0.2"": 0.5927624152005874, ""K=7,tau=0.5"": 0.5778950943993276}",e89eefa9a454e390,0.875
B2_tuned,mpnet_base_v2,MPNet-base-v2,90,4,SoftmaxKNN,10,0.2,False,True,train_inner_tuned_nested,2200,1760,440,549,0.5995805530085344,"3,5,7,10,15","0.03,0.05,0.1,0.2,0.5","{""K=10,tau=0.03"": 0.5593663767079493, ""K=10,tau=0.05"": 0.5650461557699853, ""K=10,tau=0.1"": 0.5860602324306395, ""K=10,tau=0.2"": 0.5995805530085344, ""K=10,tau=0.5"": 0.5717349108716642, ""K=15,tau=0.03"": 0.5593718566178892, ""K=15,tau=0.05"": 0.5652728345227579, ""K=15,tau=0.1"": 0.5855823818708693, ""K=15,tau=0.2"": 0.5949879191071707, ""K=15,tau=0.5"": 0.5556796973695775, ""K=3,tau=0.03"": 0.5593331650042094, ""K=3,tau=0.05"": 0.5639485957485771, ""K=3,tau=0.1"": 0.5777305226837879, ""K=3,tau=0.2"": 0.5892565152593011, ""K=3,tau=0.5"": 0.5885311011270071, ""K=5,tau=0.03"": 0.5593496328840227, ""K=5,tau=0.05"": 0.5644301111069321, ""K=5,tau=0.1"": 0.5812104764973688, ""K=5,tau=0.2"": 0.5915574353962694, ""K=5,tau=0.5"": 0.5687628898546333, ""K=7,tau=0.03"": 0.5593603053884327, ""K=7,tau=0.05"": 0.5648049869171334, ""K=7,tau=0.1"": 0.5845576497698521, ""K=7,tau=0.2"": 0.5979261380957092, ""K=7,tau=0.5"": 0.5730510244198589}",e89eefa9a454e390,0.875
B2_tuned,sbert_original,SBERT (original),90,0,SoftmaxKNN,3,0.2,False,True,train_inner_tuned_nested,2199,1759,440,550,0.6086753287599704,"3,5,7,10,15","0.03,0.05,0.1,0.2,0.5","{""K=10,tau=0.03"": 0.5978353911475005, ""K=10,tau=0.05"": 0.5984657370624223, ""K=10,tau=0.1"": 0.6033790867757902, ""K=10,tau=0.2"": 0.596792936555288, ""K=10,tau=0.5"": 0.5328468652446036, ""K=15,tau=0.03"": 0.5978353790056233, ""K=15,tau=0.05"": 0.5984623679012779, ""K=15,tau=0.1"": 0.6034403541621293, ""K=15,tau=0.2"": 0.5907630249275905, ""K=15,tau=0.5"": 0.4849678302999366, ""K=3,tau=0.03"": 0.5978154463978123, ""K=3,tau=0.05"": 0.5983747411358319, ""K=3,tau=0.1"": 0.6027513603162316, ""K=3,tau=0.2"": 0.6086753287599704, ""K=3,tau=0.5"": 0.5972715497626392, ""K=5,tau=0.03"": 0.597835133451704, ""K=5,tau=0.05"": 0.5984674453565235, ""K=5,tau=0.1"": 0.6019989804274145, ""K=5,tau=0.2"": 0.5956988865242991, ""K=5,tau=0.5"": 0.550996363654463, ""K=7,tau=0.03"": 0.597835388947861, ""K=7,tau=0.05"": 0.5984552175900536, ""K=7,tau=0.1"": 0.6023476964819175, ""K=7,tau=0.2"": 0.5940592840112159, ""K=7,tau=0.5"": 0.5335975554283501}",e4aca0f6b9e84075,1.0
B2_tuned,sbert_original,SBERT (original),90,1,SoftmaxKNN,3,0.2,False,True,train_inner_tuned_nested,2199,1759,440,550,0.6070751512162715,"3,5,7,10,15","0.03,0.05,0.1,0.2,0.5","{""K=10,tau=0.03"": 0.5870375159001302, ""K=10,tau=0.05"": 0.5879609706146617, ""K=10,tau=0.1"": 0.5970470895335594, ""K=10,tau=0.2"": 0.598191481755897, ""K=10,tau=0.5"": 0.5467130560828329, ""K=15,tau=0.03"": 0.5870375728919573, ""K=15,tau=0.05"": 0.587970787278814, ""K=15,tau=0.1"": 0.5975621605326177, ""K=15,tau=0.2"": 0.5947259981158095, ""K=15,tau=0.5"": 0.5066173396355522, ""K=3,tau=0.03"": 0.587022992310281, ""K=3,tau=0.05"": 0.5878222807749304, ""K=3,tau=0.1"": 0.5958065892346851, ""K=3,tau=0.2"": 0.6070751512162715, ""K=3,tau=0.5"": 0.5985223721301138, ""K=5,tau=0.03"": 0.587035825935207, ""K=5,tau=0.05"": 0.5879151193345316, ""K=5,tau=0.1"": 0.5954162387756433, ""K=5,tau=0.2"": 0.5966197143881891, ""K=5,tau=0.5"": 0.5608329099803029, ""K=7,tau=0.03"": 0.5870374668453332, ""K=7,tau=0.05"": 0.5879459467137782, ""K=7,tau=0.1"": 0.596117232308887, ""K=7,tau=0.2"": 0.5966776033876565, ""K=7,tau=0.5"": 0.5486585424902737}",e4aca0f6b9e84075,1.0
B2_tuned,sbert_original,SBERT (original),90,2,SoftmaxKNN,3,0.2,False,True,train_inner_tuned_nested,2199,1759,440,550,0.6397138906055035,"3,5,7,10,15","0.03,0.05,0.1,0.2,0.5","{""K=10,tau=0.03"": 0.6234851775540943, ""K=10,tau=0.05"": 0.6249114955237939, ""K=10,tau=0.1"": 0.633365893355342, ""K=10,tau=0.2"": 0.6278116322260137, ""K=10,tau=0.5"": 0.5629049850915088, ""K=15,tau=0.03"": 0.6234851822385444, ""K=15,tau=0.05"": 0.62491311680496, ""K=15,tau=0.1"": 0.6333480440688132, ""K=15,tau=0.2"": 0.617718180121592, ""K=15,tau=0.5"": 0.5081841944568879, ""K=3,tau=0.03"": 0.6234647277416405, ""K=3,tau=0.05"": 0.6247008797579038, ""K=3,tau=0.1"": 0.6314695611636397, ""K=3,tau=0.2"": 0.6397138906055035, ""K=3,tau=0.5"": 0.6259156416128612, ""K=5,tau=0.03"": 0.6234826276947362, ""K=5,tau=0.05"": 0.6248403372941194, ""K=5,tau=0.1"": 0.6316674791625267, ""K=5,tau=0.2"": 0.6299319629485944, ""K=5,tau=0.5"": 0.587402083489353, ""K=7,tau=0.03"": 0.6234849761798527, ""K=7,tau=0.05"": 0.624892257919012, ""K=7,tau=0.1"": 0.6326479473349491, ""K=7,tau=0.2"": 0.6293835438103409, ""K=7,tau=0.5"": 0.5720741293600661}",e4aca0f6b9e84075,1.0
B2_tuned,sbert_original,SBERT (original),90,3,SoftmaxKNN,3,0.2,False,True,train_inner_tuned_nested,2199,1759,440,550,0.6044260824754012,"3,5,7,10,15","0.03,0.05,0.1,0.2,0.5","{""K=10,tau=0.03"": 0.5851540327077634, ""K=10,tau=0.05"": 0.5862156983480898, ""K=10,tau=0.1"": 0.5954099278418541, ""K=10,tau=0.2"": 0.5979239888947616, ""K=10,tau=0.5"": 0.540677189695293, ""K=15,tau=0.03"": 0.5851540584165379, ""K=15,tau=0.05"": 0.5862204367437474, ""K=15,tau=0.1"": 0.5953890156037793, ""K=15,tau=0.2"": 0.5880360296544374, ""K=15,tau=0.5"": 0.48098988336747045, ""K=3,tau=0.03"": 0.5851364051067436, ""K=3,tau=0.05"": 0.5860432925092254, ""K=3,tau=0.1"": 0.5930452575179913, ""K=3,tau=0.2"": 0.6044260824754012, ""K=3,tau=0.5"": 0.5986999984377241, ""K=5,tau=0.03"": 0.5851527841455223, ""K=5,tau=0.05"": 0.5861602155581949, ""K=5,tau=0.1"": 0.5934360351716942, ""K=5,tau=0.2"": 0.5958527437430534, ""K=5,tau=0.5"": 0.5593948983138081, ""K=7,tau=0.03"": 0.5851537124522735, ""K=7,tau=0.05"": 0.5861750115468312, ""K=7,tau=0.1"": 0.5938981924803638, ""K=7,tau=0.2"": 0.5942736583467797, ""K=7,tau=0.5"": 0.5421592519510438}",e4aca0f6b9e84075,1.0
B2_tuned,sbert_original,SBERT (original),90,4,SoftmaxKNN,3,0.2,False,True,train_inner_tuned_nested,2200,1760,440,549,0.6112709504311576,"3,5,7,10,15","0.03,0.05,0.1,0.2,0.5","{""K=10,tau=0.03"": 0.5984509004992119, ""K=10,tau=0.05"": 0.5979312416184055, ""K=10,tau=0.1"": 0.6039525793462077, ""K=10,tau=0.2"": 0.602997097860015, ""K=10,tau=0.5"": 0.5436969214397909, ""K=15,tau=0.03"": 0.5984508474056236, ""K=15,tau=0.05"": 0.597920955224956, ""K=15,tau=0.1"": 0.6034970602017689, ""K=15,tau=0.2"": 0.5916564786438283, ""K=15,tau=0.5"": 0.4795372965602559, ""K=3,tau=0.03"": 0.5984362219286858, ""K=3,tau=0.05"": 0.5978277406846348, ""K=3,tau=0.1"": 0.6024078848116466, ""K=3,tau=0.2"": 0.6112709504311576, ""K=3,tau=0.5"": 0.6044633528967641, ""K=5,tau=0.03"": 0.5984491650105537, ""K=5,tau=0.05"": 0.5978812289879389, ""K=5,tau=0.1"": 0.6021132375287641, ""K=5,tau=0.2"": 0.6017458766348249, ""K=5,tau=0.5"": 0.5674903724632104, ""K=7,tau=0.03"": 0.5984507753143647, ""K=7,tau=0.05"": 0.5979152709935396, ""K=7,tau=0.1"": 0.6030218807350426, ""K=7,tau=0.2"": 0.6019332604485262, ""K=7,tau=0.5"": 0.5519774536355955}",e4aca0f6b9e84075,1.0
